Document No.;Type;Quantity;Item No.;Item Description;barcode
S-OTP-26-17612;SHIPMENT;1,00;NTR102078;ISG IOLANI kut L Giulia 9713 Giulia 9713 EX.;NTR102078
S-OTP-26-17612;SHIPMENT;1124,0102;NTR102079;ISG IOLANI kut D Giulia 9713 Giulia 9713 EX.;NTR102079
S-OTP-26-17612;SHIPMENT;5,52;NTR99757;ISG WINTON kut Olio 135 Olio 135 OT FSC MIX Credit EX.;NTR99757
S-OTP-26-17612;SHIPMENT;2,00;NTR102080;ISG IKANO U kut L Degan 2513 noge: bukva natur EX.;NTR102080
S-OTP-26-17612;SHIPMENT;1,10152;NTR102081;ISG IKANO U kut D Degan 2501 noge: bukva natur EX.;NTR102081
S-OTP-26-17685;SHIPMENT;1,452;NGP202233;PC LIBERTA regal komoda 3VR+OTV. TIP 1 KORPUS hrast classic pak.1/3 ZA.;NGP202233
S-OTP-26-17685;SHIPMENT;1,00;NGP202417;PC LIBERTA regal TV komoda viseća PLAFON 240 hrast classic ZA.;NGP202417
S-OTP-26-17685;SHIPMENT;1,10152;NGP202234;PC LIBERTA regal komoda 3VR+OTV. TIP 2 KORPUS hrast classic pak.2/3 ZA.;NGP202234
S-OTP-26-17685;SHIPMENT;1,00;NGP202235;PC LIBERTA regal komoda 3VR+OTV. TIP 3 KORPUS hrast classic pak.3/3 ZA.;NGP202235
S-OTP-26-17685;SHIPMENT;1,00;NGP202287;PC LIBERTA regal komoda 3VR+OTV. PLAFON hrast classic pak.1/2 ZA.;NGP202287
S-OTP-26-17685;SHIPMENT;1,00;NGP202288;PC LIBERTA regal komoda 3VR+OTV. NOGA hrast classic pak.2/2 ZA.;NGP202288
S-OTP-26-17685;SHIPMENT;1,00;NGP202283;PC LIBERTA regal komoda 3VR+OTV. VRATA akril satin mat ZA.;NGP202283
S-OTP-26-17685;SHIPMENT;3,00;NGP202369;PC LIBERTA regal TV komoda viseća 2L/80 KORPUS hrast classic pak.1/2 ZA.;NGP202369
S-OTP-26-17685;SHIPMENT;3,00;NGP202371;PC LIBERTA regal TV komoda viseća 2L/80 OKOV hrast classic pak.2/2 ZA.;NGP202371
S-OTP-26-17685;SHIPMENT;3,00;NGP202393;PC LIBERTA regal TV komoda viseća 2L/80 MASKA akril satin mat ZA.;NGP202393
S-OTP-26-17705;SHIPMENT;1,452;NGP239862;IPC stol VITA 160x90 PLOČA hrast ontario/crno pak.1/2;NGP239862
S-OTP-26-17705;SHIPMENT;1,00;NGP239863;IPC stol VITA 160x90 POSTOLJE hrast ontario/crno pak.2/2;NGP239863
S-OTP-26-17713;SHIPMENT;4,00;NTR87583;PSS sjedište stolica ZARA Monaco 9443 sv.siva/Benett 9502 siva pak.1/2;NTR87583
S-OTP-26-17738;SHIPMENT;1,00;NGP254081;PCKK LIBERTA NEXT / 24 bij/champ-champ SUTON NA BREGU 2;NGP254081
S-OTP-26-17738;SHIPMENT;10,032;NGP254082;PCKK LIBERTA NEXT / 24 svj.tek/si.aga-si.aga  SUTON NA BREGU 1;NGP254082
S-OTP-26-17809;SHIPMENT;2,00;NTR89370;LP JASPER komoda niska 45 1VR KORPUS crna mat;NTR89370
S-OTP-26-17809;SHIPMENT;1,00;NTR89373;LP JASPER komoda niska 45 1VR VRATA LIJEVA kašmir;NTR89373
S-OTP-26-17809;SHIPMENT;2,00;NTR89327;LP JASPER komoda plafon jednostruki 45 kašmir;NTR89327
S-OTP-26-17809;SHIPMENT;1,00;NTR89549;LP JASPER komoda niska 45 1VR VRATA DESNA kašmir;NTR89549
S-OTP-26-17809;SHIPMENT;102,510;NTR89552;LP JASPER komoda niska 45 1VR VRATA DESNA crna mat;NTR89552
S-OTP-26-17809;SHIPMENT;2,00;NTR89330;LP JASPER komoda plafon jednostruki 45 crna mat;NTR89330
S-OTP-26-17809;SHIPMENT;4,00;NTR89485;LP metalno postolje 15x44,8x37,8 crno;NTR89485
S-OTP-26-17809;SHIPMENT;1,00;NTR89376;LP JASPER komoda niska 45 1VR VRATA LIJEVA crna mat;NTR89376
S-OTP-26-17809;SHIPMENT;2,00;NTR89367;LP JASPER komoda niska 45 1VR KORPUS kašmir;NTR89367
S-OTP-26-17860;SHIPMENT;2,00;NTR87569;PSS sjedište fotelja TENOR Magnum 207 tamno zelena pak.1/2;NTR87569
S-OTP-26-17860;SHIPMENT;12,00;NTR87576;PSS sjedište stolica TENOR Magnum 207 tamno zelena pak.1/2;NTR87576
S-OTP-26-17860;SHIPMENT;6,00;NTR87577;PSS sjedište stolica TENOR Magnum 28 konjak smeđa pak.1/2;NTR87577
S-OTP-26-17902;SHIPMENT;1,00;NGP253724;PCKK OPTIMA NEXT / 24 tam.tek/cr.pla-cr.pla ŠKOKO INES;NGP253724
S-OTP-26-17902;SHIPMENT;1,00;NGP254894;PCKK SARA / 24 bij/sah.bež-sah.bež BANOVIĆ VILIM;NGP254894
S-OTP-26-17902;SHIPMENT;1,00;NGP254913;PCKK AURORA / 24 bij/champ-champ REŠETAR MIRNA;NGP254913
S-OTP-26-17904;SHIPMENT;1,00;NGP253760;PCKK LIBERTA LUX / 24 bij/akr.bijS-akr.bijS LUKANEC LEVAČIĆ ELIZABETA;NGP253760
S-OTP-26-17904;SHIPMENT;1,00;NGP253788;PCKK CVITA / 24 bij/led.si-bij COOK NEILL;NGP253788
S-OTP-26-17904;SHIPMENT;1,00;NGP253869;PCKK NEA / 24 bij/si.gra-si.pla ŠIROLA TEREZA;NGP253869
S-OTP-26-17904;SHIPMENT;1,00;NGP254923;PCKK LORENA / 24 bij/mag-mag MIČIĆ MAJA;NGP254923
S-OTP-26-17925;SHIPMENT;1,00;NGP074596;PC CVITA krevet lebdeći stranica 200x160/180 bijelo god pak.1/3 ZA.;NGP074596
S-OTP-26-17925;SHIPMENT;1,00;NTR82533;PCM RONI 2/VITO 2 box krevet 160/180 OKOV+NOGE hrast - ulje;NTR82533
S-OTP-26-17925;SHIPMENT;1,00;NTR83613;PCM RONI 2 box krevet 200x180 UZGLAVLJE Deneris 9573 svijetlo sivo;NTR83613
S-OTP-26-17925;SHIPMENT;1,00;NTR83630;PCM RONI/VITO box krevet 200x180 MADRAC Deneris 9573 svijetlo sivo;NTR83630
S-OTP-26-17925;SHIPMENT;2,00;NTR83637;PCM RONI 2/VITO 2 box krevet 200x90 TAPET  Deneris 9573 svijetlo sivo;NTR83637
S-OTP-26-17925;SHIPMENT;1,00;NTR83660;PCM ROSE 2 kr. ladica 200x160 MADRAC Nobel 108 hladno sivo;NTR83660
S-OTP-26-17925;SHIPMENT;1,00;NTR83662;PCM ROSE 2 kr. ladica 200x160 UZGLAVLJE Nobel 108 hladno sivo;NTR83662
S-OTP-26-17925;SHIPMENT;2,00;NTR83668;PCM ROSE 2 kr. ladica 200x80 TAPET Nobel 108 hladno sivo;NTR83668
S-OTP-26-17925;SHIPMENT;1,00;NTR83693;PCM ROSE 2 kr. ladica 200x80 KORPUS DESNI Nobel 108 hladno sivo;NTR83693
S-OTP-26-17925;SHIPMENT;1,00;NTR83711;PCM ROSE 2 kr. ladica 200x80 KORPUS LIJEVI Nobel 108 hladno sivo;NTR83711
S-OTP-26-17925;SHIPMENT;1,00;NTR83804;PCM SELECT box krevet 200x90 KORPUS DESNI Deneris 9573 svijetlo sivo;NTR83804
S-OTP-26-17925;SHIPMENT;7,00;NGP077682;PC CVITA krevet lebdeći stranica 200x160/180 hrast chalet pak.1/3 ZA.;NGP077682
S-OTP-26-17925;SHIPMENT;1,00;NTR83828;PCM SELECT box krevet 200x90 KORPUS LIJEVI Deneris 9573 svijetlo sivo;NTR83828
S-OTP-26-17925;SHIPMENT;1,00;NTR84801;PCM POSTOLJE ULMO crno metal mat;NTR84801
S-OTP-26-17925;SHIPMENT;2,00;NTR85391;PCM fotelja EMERSON hrast ulje Storm 02 krem;NTR85391
S-OTP-26-17925;SHIPMENT;2,00;NTR85393;PCM fotelja EMERSON hrast ulje Storm 37 maslinasto zeleno;NTR85393
S-OTP-26-17925;SHIPMENT;1,00;NTR85401;PCM podnožnik EMERSON hrast ulje Storm 37 maslinasto zeleno;NTR85401
S-OTP-26-17925;SHIPMENT;1,00;NTR92558;PCM LINA 2 fran. krevet 160x200 UZGLAVLJE Mercury 116 crno/Mercury 108 sivo;NTR92558
S-OTP-26-17925;SHIPMENT;1,00;NTR92561;PCM LINA 2 fran. krevet 160x200 UZGLAVLJE Mercury 135 zeleno/Mercury 116 crno;NTR92561
S-OTP-26-17925;SHIPMENT;1,00;NTR92563;PCM LINA 2 fran. krevet 80x200 KORPUS DESNI Mercury 116 crno;NTR92563
S-OTP-26-17925;SHIPMENT;1,00;NTR92566;PCM LINA 2 fran. krevet 80x200 KORPUS DESNI Mercury 135 zeleno;NTR92566
S-OTP-26-17925;SHIPMENT;1,00;NTR92568;PCM LINA 2 fran. krevet 80x200 KORPUS LIJEVI Mercury 116 crno;NTR92568
S-OTP-26-17925;SHIPMENT;1,00;NTR92571;PCM LINA 2 fran. krevet 80x200 KORPUS LIJEVI Mercury 135 zeleno;NTR92571
S-OTP-26-17925;SHIPMENT;1,00;NTR92573;PCM LINA 2 fran. krevet 160x200 TAPET Mercury 116 crno;NTR92573
S-OTP-26-17925;SHIPMENT;1,00;NTR92576;PCM LINA 2 fran. krevet 160x200 TAPET Mercury 135 zeleno;NTR92576
S-OTP-26-17925;SHIPMENT;2,00;NTR92578;PCM LINA 2 fran. krevet 160x200 OKOV+NOGE;NTR92578
S-OTP-26-17925;SHIPMENT;1,00;NTR94623;PCM KETI/VALA fran. krevet 80x200 KORPUS DESNI Timor New 102 sivo;NTR94623
S-OTP-26-17925;SHIPMENT;1,00;NTR94624;PCM KETI/VALA fran. krevet 80x200 KORPUS LIJEVI Timor New 102 sivo;NTR94624
S-OTP-26-17925;SHIPMENT;1,00;NTR94625;PCM KETI/VALA fran. krevet 160x200 TAPET Timor New 102 sivo;NTR94625
S-OTP-26-17925;SHIPMENT;1,00;NTR99409;PCM VALA fran. krevet 160x200 UZGLAVLJE Timor New 102 sivo;NTR99409
S-OTP-26-17925;SHIPMENT;1,00;NGP077683;PC CVITA krevet lebdeći 200x180 hrast chalet pak.2/3 ZA.;NGP077683
S-OTP-26-17925;SHIPMENT;1,00;NGP077684;PC CVITA krevet lebdeći 200x180 hrast chalet pak.3/3 ZA.;NGP077684
S-OTP-26-17925;SHIPMENT;1,00;NGP084136;PC stol DAVOS-R PLOČA 160-210x90 hrast engrain classic ZA.;NGP084136
S-OTP-26-17925;SHIPMENT;1,00;NGP234826;PC CVITA NEXT ormar stranice D+L hrast chalet ZA.;NGP234826
S-OTP-26-17925;SHIPMENT;1,00;NGP234827;PC CVITA NEXT ormar stranice D+L kašmir mat ZA.;NGP234827
S-OTP-26-17925;SHIPMENT;1,00;NGP074597;PC CVITA krevet lebdeći 200x160 bijelo god pak.2/3 ZA.;NGP074597
S-OTP-26-17925;SHIPMENT;2,00;NGP234828;PC CVITA NEXT ormar stranice D+L hrast cremona CANNOLO ZA.;NGP234828
S-OTP-26-17925;SHIPMENT;2,00;NGP234832;PC CVITA NEXT ormar vezna polica + sokl 482 G+D tkanina ZA.;NGP234832
S-OTP-26-17925;SHIPMENT;2,00;NGP234833;PC CVITA NEXT ormar vezna polica/polica ( 5 kom) 482 SREDNJA tkanina ZA.;NGP234833
S-OTP-26-17925;SHIPMENT;5,00;NGP234834;PC CVITA NEXT ormar vezna polica + sokl 982 G+D tkanina ZA.;NGP234834
S-OTP-26-17925;SHIPMENT;1,00;NGP074598;PC CVITA krevet lebdeći 200x160 bijelo god pak.3/3 ZA.;NGP074598
S-OTP-26-17925;SHIPMENT;1,00;NGP234835;PC CVITA NEXT ormar vezna polica/polica ( 1 kom )982 SREDNJA tkanina ZA.;NGP234835
S-OTP-26-17925;SHIPMENT;4,00;NGP234836;PC CVITA NEXT ormar vezna polica/polica 982 ( 2 kom ) SREDNJA tkanina ZA.;NGP234836
S-OTP-26-17925;SHIPMENT;1,00;NGP234839;PC CVITA NEXT ormar vertikala (1 kom) tkanina ZA.;NGP234839
S-OTP-26-17925;SHIPMENT;1,00;NGP234840;PC CVITA NEXT ormar vertikala (2 kom) tkanina ZA.;NGP234840
S-OTP-26-17925;SHIPMENT;3,00;NGP234841;PC CVITA NEXT ormar leđa (2 kom) tkanina ZA.;NGP234841
S-OTP-26-17925;SHIPMENT;7,00;NGP077679;PC CVITA krevet lebdeći 200x160 hrast chalet pak.2/3 ZA.;NGP077679
S-OTP-26-17925;SHIPMENT;2,00;NGP234842;PC CVITA NEXT ormar leđa (3 kom) tkanina ZA.;NGP234842
S-OTP-26-17925;SHIPMENT;2,00;NGP234850;PC CVITA NEXT ormar sokl/ maska 2D kašmir mat ZA.;NGP234850
S-OTP-26-17925;SHIPMENT;1,00;NGP234853;PC CVITA NEXT ormar sokl/ maska 5D kašmir mat ZA.;NGP234853
S-OTP-26-17925;SHIPMENT;2,00;NGP234864;PC CVITA NEXT  ormar 2D okov ZA.;NGP234864
S-OTP-26-17925;SHIPMENT;1,00;NGP234866;PC CVITA NEXT  ormar 3D okov ZA.;NGP234866
S-OTP-26-17925;SHIPMENT;1,00;NGP234888;PC CVITA NEXT ormar korpus 3L ZA.;NGP234888
S-OTP-26-17925;SHIPMENT;1,00;NGP234894;PC CVITA NEXT ormar maska 3L kašmir mat ZA.;NGP234894
S-OTP-26-17925;SHIPMENT;1,00;NGP234909;PC CVITA NEXT  ormar 1D/2D/3D/3D 3L vrata 2116 (1 kom) bijela mat ZA.;NGP234909
S-OTP-26-17925;SHIPMENT;1,00;NGP234911;PC CVITA NEXT  ormar 2D/3D/4D/4D 3L vrata 2116 (2 kom) bijela mat ZA.;NGP234911
S-OTP-26-17925;SHIPMENT;1,00;NGP234917;PC CVITA NEXT  ormar 1D/2D/3D/3D 3L vrata 2116 (1 kom) kašmir mat ZA.;NGP234917
S-OTP-26-17925;SHIPMENT;3,00;NGP234919;PC CVITA NEXT  ormar 2D/3D/4D/4D 3L vrata 2116 (2 kom) kašmir mat ZA.;NGP234919
S-OTP-26-17925;SHIPMENT;1,00;NGP234921;PC CVITA NEXT  ormar 2D 3L/3D 3L/4D 3L  vrata 1408 (2 kom) kašmir mat ZA.;NGP234921
S-OTP-26-17925;SHIPMENT;1,00;NGP234951;PC CVITA NEXT  ormar 1D/2D/2D 3L/3D/3D 3L/4D/4D 3L ručkica 525.27/256 ALU (3 kom) ZA.;NGP234951
S-OTP-26-17925;SHIPMENT;2,00;NGP234952;PC CVITA NEXT  ormar 1D/2D/2D 3L/3D/3D 3L/4D/4D 3L ručkica 525.27/256 ALU (4 kom) ZA.;NGP234952
S-OTP-26-17925;SHIPMENT;2,00;NGP234970;PC CVITA NEXT  ormar 1D/2D/2D 3L/3D/3D 3L/4D/4D 3L ručkica 568.28/882x927 CRNA  (2 kom) ZA.;NGP234970
S-OTP-26-17925;SHIPMENT;1,00;NGP235324;PC stol ARVIO fix 140x90 POSTOLJE crno mat ZA.;NGP235324
S-OTP-26-17925;SHIPMENT;1,00;NGP235694;PC stol ARVIO fix 140x90 PLOČA Black Pietra Grigia ZA.;NGP235694
S-OTP-26-17925;SHIPMENT;1,00;NGP235764;PC CVITA NEXT ormar sokl/ maska 3D bijela mat ZA.;NGP235764
S-OTP-26-17925;SHIPMENT;1,00;NGP235775;PC CVITA NEXT ormar 5D 3L okov ZA.;NGP235775
S-OTP-26-17925;SHIPMENT;1,00;NTR38712;PCM stol DAVOS R NOGE 160/210x90 crno;NTR38712
S-OTP-26-17925;SHIPMENT;20,00;NTR60921;REZ lajsna bukova 2000x50x35 (5 kom );NTR60921
S-OTP-26-17925;SHIPMENT;20,00;NTR60922;REZ lajsna bukova 2000x21x35 (5 kom );NTR60922
S-OTP-26-17925;SHIPMENT;20,00;NTR60923;REZ lajsna bukova 2000x21x21 (5 kom );NTR60923
S-OTP-26-17925;SHIPMENT;5,00;NTR60928;REZ retex 80 gr/m2 (10 m);NTR60928
S-OTP-26-17925;SHIPMENT;20,00;NTR60930;REZ spužva regenerat 100 600x300x20;NTR60930
S-OTP-26-17925;SHIPMENT;2,00;NTR62932;LP PAOLA san remo krevet 200x90 pak.1/3 U-U;NTR62932
S-OTP-26-17925;SHIPMENT;2,00;NTR62933;LP PAOLA san remo krevet 200x90 pak.2/3 STRANICE;NTR62933
S-OTP-26-17925;SHIPMENT;2,00;NTR62934;LP PAOLA san remo krevet 200x90 pak.3/3 OKOV;NTR62934
S-OTP-26-17925;SHIPMENT;20,00;NTR67632;REZ lajsna bukova 2000x50x20 (5 kom);NTR67632
S-OTP-26-17925;SHIPMENT;1,00;NTR78137;PCM stol ATAKAMA PLOČA 240x100  cimet hrast mat lak;NTR78137
S-OTP-26-17925;SHIPMENT;1,00;NTR78859;LP OSKAR LUX II ormar 2D/4V KORPUS bijelo pak.1/2;NTR78859
S-OTP-26-17925;SHIPMENT;1,00;NTR78860;LP OSKAR LUX II ormar 2D/4V KORPUS bijelo pak.2/2;NTR78860
S-OTP-26-17925;SHIPMENT;1,00;NTR78862;LP OSKAR LUX II ormar 2D/4V VRATA bijelo pak.1/2;NTR78862
S-OTP-26-17925;SHIPMENT;1,00;NTR78863;LP OSKAR LUX II ormar 2D/4V VRATA bijelo pak.2/2;NTR78863
S-OTP-26-17925;SHIPMENT;6,00;NGP077680;PC CVITA krevet lebdeći 200x160 hrast chalet pak.3/3 ZA.;NGP077680
S-OTP-26-17925;SHIPMENT;3,00;NTR79974;REZ klamerice za pneumatsku klamericu TIP 80/8 (10000 kom);NTR79974
S-OTP-26-17925;SHIPMENT;3,00;NTR79975;REZ klamerice za pneumatsku klamericu TIP 80/10 (10000 kom);NTR79975
S-OTP-26-17925;SHIPMENT;1,00;NTR81887;PCM BAMBOO madrac 200x160;NTR81887
S-OTP-26-17925;SHIPMENT;1,00;NTR82270;PCM RITA 2 fran. krevet 200x160 TAPET Helena 103 cappuccino;NTR82270
S-OTP-26-17925;SHIPMENT;1,00;NTR82271;PCM RITA 2 fran. krevet 200x160 UZGLAVLJE Helena 103 cappuccino;NTR82271
S-OTP-26-17925;SHIPMENT;1,00;NTR82287;PCM TINA 2 fran. krevet 200x70 KORPUS DESNI Himalia 108 sivo;NTR82287
S-OTP-26-17925;SHIPMENT;1,00;NTR82291;PCM TINA 2 fran. krevet 200x70 KORPUS LIJEVI Himalia 108 sivo;NTR82291
S-OTP-26-17925;SHIPMENT;1,00;NTR82294;PCM RITA 2 fran. krevet 200x80 KORPUS DESNI Helena 103 cappuccino;NTR82294
S-OTP-26-17925;SHIPMENT;1,00;NTR82295;PCM TINA 2 fran. krevet 200x80 KORPUS DESNI Himalia 105 cappuccino;NTR82295
S-OTP-26-17925;SHIPMENT;1,00;NTR82297;PCM RITA 2 fran. krevet 200x80 KORPUS LIJEVI Helena 103 cappuccino;NTR82297
S-OTP-26-17925;SHIPMENT;1,00;NTR82298;PCM TINA 2 fran. krevet 200x80 KORPUS LIJEVI Himalia 105 cappuccino;NTR82298
S-OTP-26-17925;SHIPMENT;1,00;NTR82312;PCM TINA 2 fran. krevet 200x140 TAPET Himalia 108 sivo;NTR82312
S-OTP-26-17925;SHIPMENT;1,00;NTR82314;PCM TINA 2 fran. krevet 200x140 UZGLAVLJE Himalia 108 sivo;NTR82314
S-OTP-26-17925;SHIPMENT;1,00;NTR82315;PCM TINA 2 fran. krevet 200x160 TAPET Himalia 105 cappuccino;NTR82315
S-OTP-26-17925;SHIPMENT;1,00;NTR82317;PCM TINA 2 fran. krevet 200x160 UZGLAVLJE Himalia 105 cappuccino;NTR82317
S-OTP-26-17925;SHIPMENT;3,00;NTR82329;PCM TINA 2 fran. krevet 140/160 OKOV+NOGE;NTR82329
S-OTP-26-17925;SHIPMENT;1,00;NTR82334;PCM RITA 2 fran. krevet 140/160 OKOV+NOGE;NTR82334
S-OTP-26-17925;SHIPMENT;1,00;NTR82335;PCM ROSE 2 kr. ladica 160/180 OKOV+NOGE;NTR82335
S-OTP-26-17926;SHIPMENT;1,00;NGP084136;PC stol DAVOS-R PLOČA 160-210x90 hrast engrain classic ZA.;NGP084136
S-OTP-26-17926;SHIPMENT;2,00;NGP235047;PC CVITA NEXT or.klizni 220x200/300/300 6L  vrata (L/D-2kom) OGL.bijela mat ZA.;NGP235047
S-OTP-26-17926;SHIPMENT;1,00;NTR87077;PCM stol TARO FIX 180x90 PLOČA tam.smeđi hrast mat lak;NTR87077
S-OTP-26-17926;SHIPMENT;1,00;NGP235002;PC CVITA NEXT or.klizni 220x200/250/250 3L stranice bijela mat ZA.;NGP235002
S-OTP-26-17926;SHIPMENT;1,00;NGP235008;PC CVITA NEXT or.klizni 220x200  leđa bijelo ZA.;NGP235008
S-OTP-26-17926;SHIPMENT;1,00;NGP235011;PC CVITA NEXT or.klizni 220x200/250 3L  vertikala 2140 (1 kom) bijelo ZA.;NGP235011
S-OTP-26-17926;SHIPMENT;2,00;NGP235017;PC CVITA NEXT or.klizni 200/250/250 3L/300/300 6L vezna polica 973 ( 3kom) /sokl bijelo ZA.;NGP235017
S-OTP-26-17926;SHIPMENT;1,00;NGP235019;PC CVITA NEXT or.klizni 220x200/250/300 vertikala 1676/polica bijelo ZA.;NGP235019
S-OTP-26-17926;SHIPMENT;1,00;NGP235025;PC CVITA NEXT or.klizni 220x200 okov ALU ZA.;NGP235025
S-OTP-26-17926;SHIPMENT;1,00;NGP235035;PC CVITA NEXT or.klizni 220x200 spojni okov ZA.;NGP235035
S-OTP-26-17926;SHIPMENT;2,00;NGP235045;PC CVITA NEXT or.klizni 220x200/300/300 6L  vrata (L/D-2kom) bijela mat ZA.;NGP235045
S-OTP-26-17927;SHIPMENT;1,00;NTR81892;PCM BASIC SOFT madrac 200x160;NTR81892
S-OTP-26-17927;SHIPMENT;1,00;NTR82270;PCM RITA 2 fran. krevet 200x160 TAPET Helena 103 cappuccino;NTR82270
S-OTP-26-17955;SHIPMENT;1,00;NGP073908;PC stol PALMA okrugli fi 100 bijelo pak.1/2 ZA.;NGP073908
S-OTP-26-17955;SHIPMENT;1,00;NGP084140;PC stol CROSS R 138-178x90 hrast chalet pak.1/2 ZA.;NGP084140
S-OTP-26-17955;SHIPMENT;2,00;NTR82286;PCM TINA 2 fran. krevet 200x70 KORPUS DESNI Himalia 105 cappuccino;NTR82286
S-OTP-26-17955;SHIPMENT;3,00;NTR82287;PCM TINA 2 fran. krevet 200x70 KORPUS DESNI Himalia 108 sivo;NTR82287
S-OTP-26-17955;SHIPMENT;2,00;NTR82290;PCM TINA 2 fran. krevet 200x70 KORPUS LIJEVI Himalia 105 cappuccino;NTR82290
S-OTP-26-17955;SHIPMENT;3,00;NTR82291;PCM TINA 2 fran. krevet 200x70 KORPUS LIJEVI Himalia 108 sivo;NTR82291
S-OTP-26-17955;SHIPMENT;1,00;NTR82294;PCM RITA 2 fran. krevet 200x80 KORPUS DESNI Helena 103 cappuccino;NTR82294
S-OTP-26-17955;SHIPMENT;2,00;NTR82295;PCM TINA 2 fran. krevet 200x80 KORPUS DESNI Himalia 105 cappuccino;NTR82295
S-OTP-26-17955;SHIPMENT;1,00;NTR82297;PCM RITA 2 fran. krevet 200x80 KORPUS LIJEVI Helena 103 cappuccino;NTR82297
S-OTP-26-17955;SHIPMENT;2,00;NTR82298;PCM TINA 2 fran. krevet 200x80 KORPUS LIJEVI Himalia 105 cappuccino;NTR82298
S-OTP-26-17955;SHIPMENT;1,00;NGP084141;PC stol CROSS R 138-178x90 hrast chalet pak.2/2 ZA.;NGP084141
S-OTP-26-17955;SHIPMENT;2,00;NTR82301;PCM TINA 2 fran. krevet 200x90 KORPUS DESNI Himalia 108 sivo;NTR82301
S-OTP-26-17955;SHIPMENT;2,00;NTR82303;PCM TINA 2 fran. krevet 200x90 KORPUS LIJEVI Himalia 108 sivo;NTR82303
S-OTP-26-17955;SHIPMENT;2,00;NTR82311;PCM TINA 2 fran. krevet 200x140 TAPET Himalia 105 cappuccino;NTR82311
S-OTP-26-17955;SHIPMENT;3,00;NTR82312;PCM TINA 2 fran. krevet 200x140 TAPET Himalia 108 sivo;NTR82312
S-OTP-26-17955;SHIPMENT;2,00;NTR82313;PCM TINA 2 fran. krevet 200x140 UZGLAVLJE Himalia 105 cappuccino;NTR82313
S-OTP-26-17955;SHIPMENT;3,00;NTR82314;PCM TINA 2 fran. krevet 200x140 UZGLAVLJE Himalia 108 sivo;NTR82314
S-OTP-26-17955;SHIPMENT;2,00;NTR82315;PCM TINA 2 fran. krevet 200x160 TAPET Himalia 105 cappuccino;NTR82315
S-OTP-26-17955;SHIPMENT;2,00;NTR82317;PCM TINA 2 fran. krevet 200x160 UZGLAVLJE Himalia 105 cappuccino;NTR82317
S-OTP-26-17955;SHIPMENT;3,00;NGP234826;PC CVITA NEXT ormar stranice D+L hrast chalet ZA.;NGP234826
S-OTP-26-17955;SHIPMENT;2,00;NTR82320;PCM TINA 2 fran. krevet 200x180 UZGLAVLJE Himalia 108 sivo;NTR82320
S-OTP-26-17955;SHIPMENT;2,00;NTR82322;PCM TINA 2 fran. krevet 200x90 TAPET DESNI Himalia 108 sivo;NTR82322
S-OTP-26-17955;SHIPMENT;2,00;NTR82324;PCM TINA 2 fran. krevet 200x90 TAPET LIJEVI Himalia 108 sivo;NTR82324
S-OTP-26-17955;SHIPMENT;9,00;NTR82329;PCM TINA 2 fran. krevet 140/160 OKOV+NOGE;NTR82329
S-OTP-26-17955;SHIPMENT;3,00;NTR82330;PCM TINA 2 fran. krevet 180 OKOV+NOGE;NTR82330
S-OTP-26-17955;SHIPMENT;1,00;NTR82332;PCM IVONA fran. krevet 90/120 OKOV+NOGE;NTR82332
S-OTP-26-17955;SHIPMENT;1,00;NTR82334;PCM RITA 2 fran. krevet 140/160 OKOV+NOGE;NTR82334
S-OTP-26-17955;SHIPMENT;2,00;NTR82335;PCM ROSE 2 kr. ladica 160/180 OKOV+NOGE;NTR82335
S-OTP-26-17955;SHIPMENT;1,00;NTR82407;PCM IVONA fran. krevet 200x90 KORPUS Neve 85 sivo;NTR82407
S-OTP-26-17955;SHIPMENT;1,00;NTR82408;PCM IVONA fran. krevet 200x90 TAPET Neve 85 sivo;NTR82408
S-OTP-26-17955;SHIPMENT;1,00;NTR82409;PCM IVONA fran. krevet 200x90 UZGLAVLJE Neve 85 sivo;NTR82409
S-OTP-26-17955;SHIPMENT;1,00;NTR82463;PCM TINA 2 fran. krevet 200x80 KORPUS DESNI Himalia 134 zeleno;NTR82463
S-OTP-26-17955;SHIPMENT;1,00;NTR82471;PCM TINA 2 fran. krevet 200x80 KORPUS LIJEVI Himalia 134 zeleno;NTR82471
S-OTP-26-17955;SHIPMENT;1,00;NTR82480;PCM TINA 2 fran. krevet 200x90 KORPUS DESNI Himalia 134 zeleno;NTR82480
S-OTP-26-17955;SHIPMENT;1,00;NTR82485;PCM TINA 2 fran. krevet 200x90 KORPUS LIJEVI Himalia 134 zeleno;NTR82485
S-OTP-26-17955;SHIPMENT;1,00;NTR82498;PCM TINA 2 fran. krevet 200x160 TAPET Himalia 134 zeleno;NTR82498
S-OTP-26-17955;SHIPMENT;1,00;NTR82499;PCM TINA 2 fran. krevet 200x160 UZGLAVLJE Himalia 134 zeleno;NTR82499
S-OTP-26-17955;SHIPMENT;1,00;NTR82500;PCM TINA 2 fran. krevet 200x180 UZGLAVLJE Himalia 134 zeleno;NTR82500
S-OTP-26-17955;SHIPMENT;1,00;NTR82501;PCM TINA 2 fran. krevet 200x90 TAPET DESNI Himalia 134 zeleno;NTR82501
S-OTP-26-17955;SHIPMENT;1,00;NTR82502;PCM TINA 2 fran. krevet 200x90 TAPET LIJEVI Himalia 134 zeleno;NTR82502
S-OTP-26-17955;SHIPMENT;2,00;NTR83660;PCM ROSE 2 kr. ladica 200x160 MADRAC Nobel 108 hladno sivo;NTR83660
S-OTP-26-17955;SHIPMENT;2,00;NTR83662;PCM ROSE 2 kr. ladica 200x160 UZGLAVLJE Nobel 108 hladno sivo;NTR83662
S-OTP-26-17955;SHIPMENT;4,00;NTR83668;PCM ROSE 2 kr. ladica 200x80 TAPET Nobel 108 hladno sivo;NTR83668
S-OTP-26-17955;SHIPMENT;2,00;NTR83693;PCM ROSE 2 kr. ladica 200x80 KORPUS DESNI Nobel 108 hladno sivo;NTR83693
S-OTP-26-17955;SHIPMENT;2,00;NTR83711;PCM ROSE 2 kr. ladica 200x80 KORPUS LIJEVI Nobel 108 hladno sivo;NTR83711
S-OTP-26-17955;SHIPMENT;1,00;NGP234829;PC CVITA NEXT ormar stranice D+L bijela mat ZA.;NGP234829
S-OTP-26-17955;SHIPMENT;1,00;NTR84801;PCM POSTOLJE ULMO crno metal mat;NTR84801
S-OTP-26-17955;SHIPMENT;1,00;NTR87650;PCM TILA box krevet 200X160 MADRAC Cremona 02 krem;NTR87650
S-OTP-26-17955;SHIPMENT;1,00;NTR87651;PCM TILA box krevet 200X160 NADMADRAC;NTR87651
S-OTP-26-17955;SHIPMENT;4,00;NTR88714;PCM noge MONDO/VIVO/TENOR/SCALA hrast natur ulje;NTR88714
S-OTP-26-17955;SHIPMENT;6,00;NTR88726;PCM noge DAVOS/VITA/ZARA/MIA bukva crno;NTR88726
S-OTP-26-17955;SHIPMENT;6,00;NTR88727;PCM noge DAVOS/VITA/ZARA/MIA bukva sivo antracit;NTR88727
S-OTP-26-17955;SHIPMENT;1,00;NTR92538;PCM LINA 2 fran. krevet 120x200 UZGLAVLJE Mercury 111 plavo/Mercury 102 svijetlo sivo;NTR92538
S-OTP-26-17955;SHIPMENT;1,00;NTR92543;PCM LINA 2 fran. krevet 120x200 KORPUS Mercury 111 plavo;NTR92543
S-OTP-26-17955;SHIPMENT;1,00;NTR92548;PCM LINA 2 fran. krevet 120x200 TAPET Mercury 111 plavo;NTR92548
S-OTP-26-17955;SHIPMENT;1,00;NTR92552;PCM LINA 2 fran. krevet 120x200 OKOV+NOGE;NTR92552
S-OTP-26-17955;SHIPMENT;4,00;NGP234834;PC CVITA NEXT ormar vezna polica + sokl 982 G+D tkanina ZA.;NGP234834
S-OTP-26-17955;SHIPMENT;1,00;NTR92558;PCM LINA 2 fran. krevet 160x200 UZGLAVLJE Mercury 116 crno/Mercury 108 sivo;NTR92558
S-OTP-26-17955;SHIPMENT;1,00;NTR92563;PCM LINA 2 fran. krevet 80x200 KORPUS DESNI Mercury 116 crno;NTR92563
S-OTP-26-17955;SHIPMENT;1,00;NTR92568;PCM LINA 2 fran. krevet 80x200 KORPUS LIJEVI Mercury 116 crno;NTR92568
S-OTP-26-17955;SHIPMENT;1,00;NTR92573;PCM LINA 2 fran. krevet 160x200 TAPET Mercury 116 crno;NTR92573
S-OTP-26-17955;SHIPMENT;1,00;NTR92578;PCM LINA 2 fran. krevet 160x200 OKOV+NOGE;NTR92578
S-OTP-26-17955;SHIPMENT;1,00;NTR94608;PCM KETI fran. krevet 120x200 UZGLAVLJE Timor New 101 bijela;NTR94608
S-OTP-26-17955;SHIPMENT;1,00;NTR94609;PCM KETI/VALA fran. krevet 120x200 KORPUS Timor New 101 bijela;NTR94609
S-OTP-26-17955;SHIPMENT;1,00;NTR94610;PCM KETI/VALA fran. krevet 120x200 TAPET Timor New 101 bijela;NTR94610
S-OTP-26-17955;SHIPMENT;3,00;NTR94611;PCM KETI fran. krevet 120 OKOV+NOGE;NTR94611
S-OTP-26-17955;SHIPMENT;2,00;NTR94613;PCM KETI fran. krevet 120x200 UZGLAVLJE Timor New 102 sivo;NTR94613
S-OTP-26-17955;SHIPMENT;2,00;NTR94614;PCM KETI/VALA fran. krevet 120x200 KORPUS Timor New 102 sivo;NTR94614
S-OTP-26-17955;SHIPMENT;2,00;NTR94615;PCM KETI/VALA fran. krevet 120x200 TAPET Timor New 102 sivo;NTR94615
S-OTP-26-17955;SHIPMENT;2,00;NTR66106;PCM fotelja EMERSON hrast izbjeljeno ulje Mercury 4025 rozo;NTR66106
S-OTP-26-17955;SHIPMENT;1,00;NTR78117;PCM stol ALDO R 120/160x80 bijelo/bijelo;NTR78117
S-OTP-26-17955;SHIPMENT;4,00;NTR88725;PCM noge DAVOS/VITA/ZARA/MIA bukva bijelo;NTR88725
S-OTP-26-17955;SHIPMENT;1,00;NTR78856;LP OSKAR LUX II ormar 2D/4V KORPUS hrast ontario pak.1/2;NTR78856
S-OTP-26-17955;SHIPMENT;1,00;NTR78857;LP OSKAR LUX II ormar 2D/4V KORPUS hrast ontario pak.2/2;NTR78857
S-OTP-26-17955;SHIPMENT;1,00;NTR78865;LP OSKAR LUX II ormar 2D/4V VRATA bijelo sjaj pak.1/2;NTR78865
S-OTP-26-17955;SHIPMENT;1,00;NTR78866;LP OSKAR LUX II ormar 2D/4V VRATA bijelo sjaj pak.2/2;NTR78866
S-OTP-26-17955;SHIPMENT;1,00;NTR80231;LP NELA ormar klizni 200x150/180/220/270 2VR L+D bočna stranica san remo;NTR80231
S-OTP-26-17955;SHIPMENT;1,00;NTR80233;LP NELA ormar klizni 200x180 leđa/pod/strop/sr.vez bijelo;NTR80233
S-OTP-26-17955;SHIPMENT;1,00;NTR80251;LP NELA ormar klizni 200x180/220/270 okomice bijelo;NTR80251
S-OTP-26-17955;SHIPMENT;1,00;NTR80270;LP NELA ormar klizni 200x180/270 vezna polica kraća/pol427-2kom/pol326-1kom/pol528-1kom bijelo;NTR80270
S-OTP-26-17955;SHIPMENT;1,00;NTR80236;LP NELA ormar klizni 200x180 sokl san remo;NTR80236
S-OTP-26-17955;SHIPMENT;1,00;NTR80255;LP NELA ormar klizni 200x180/270 fronta gornja (1 kom) san remo;NTR80255
S-OTP-26-17955;SHIPMENT;1,00;NTR80261;LP NELA ormar klizni 200x180/270 fronta srednja (1 kom) san remo;NTR80261
S-OTP-26-17955;SHIPMENT;1,00;NTR80267;LP NELA ormar klizni 200x180/270 fronta donja (1 kom) san remo;NTR80267
S-OTP-26-17955;SHIPMENT;1,00;NTR80257;LP NELA ormar klizni 200x180/270 fronta gornja s ogledalom (1 kom);NTR80257
S-OTP-26-17955;SHIPMENT;1,00;NTR80263;LP NELA ormar klizni 200x180/270 fronta srednja s ogledalom (1 kom);NTR80263
S-OTP-26-17955;SHIPMENT;1,00;NTR80269;LP NELA ormar klizni 200x180/270 fronta donja s ogledalom (1 kom);NTR80269
S-OTP-26-17955;SHIPMENT;1,00;NTR80244;LP NELA ormar klizni 200x180 2VR okov;NTR80244
S-OTP-26-17955;SHIPMENT;1,00;NGP073909;PC stol PALMA okrugli fi 100 bijelo pak.2/2 ZA.;NGP073909
S-OTP-26-17955;SHIPMENT;3,00;NGP234835;PC CVITA NEXT ormar vezna polica/polica ( 1 kom )982 SREDNJA tkanina ZA.;NGP234835
S-OTP-26-17955;SHIPMENT;1,00;NTR81945;PCM NOX madrac 200x120;NTR81945
S-OTP-26-17955;SHIPMENT;1,00;NTR43266;PCM štep deka 180 g navl.pletivo/mješavina 200x 80;NTR43266
S-OTP-26-17955;SHIPMENT;1,00;NTR81931;PCM NATUR MEDICAL madrac 200x80;NTR81931
S-OTP-26-17955;SHIPMENT;1,00;NTR99409;PCM VALA fran. krevet 160x200 UZGLAVLJE Timor New 102 sivo;NTR99409
S-OTP-26-17955;SHIPMENT;1,00;NTR94623;PCM KETI/VALA fran. krevet 80x200 KORPUS DESNI Timor New 102 sivo;NTR94623
S-OTP-26-17955;SHIPMENT;1,00;NTR94624;PCM KETI/VALA fran. krevet 80x200 KORPUS LIJEVI Timor New 102 sivo;NTR94624
S-OTP-26-17955;SHIPMENT;1,00;NTR94625;PCM KETI/VALA fran. krevet 160x200 TAPET Timor New 102 sivo;NTR94625
S-OTP-26-17955;SHIPMENT;1,00;NTR81900;PCM DREAM madrac 200x180;NTR81900
S-OTP-26-17955;SHIPMENT;1,00;NGP234836;PC CVITA NEXT ormar vezna polica/polica 982 ( 2 kom ) SREDNJA tkanina ZA.;NGP234836
S-OTP-26-17955;SHIPMENT;2,00;NGP234837;PC CVITA NEXT ormar polica dodatna 982 (1kom) tkanina ZA.;NGP234837
S-OTP-26-17955;SHIPMENT;4,00;NGP234841;PC CVITA NEXT ormar leđa (2 kom) tkanina ZA.;NGP234841
S-OTP-26-17955;SHIPMENT;1,00;NGP234864;PC CVITA NEXT  ormar 2D okov ZA.;NGP234864
S-OTP-26-17955;SHIPMENT;2,00;NGP077679;PC CVITA krevet lebdeći 200x160 hrast chalet pak.2/3 ZA.;NGP077679
S-OTP-26-17955;SHIPMENT;3,00;NGP234865;PC CVITA NEXT  ormar 2D 3L okov ZA.;NGP234865
S-OTP-26-17955;SHIPMENT;3,00;NGP234888;PC CVITA NEXT ormar korpus 3L ZA.;NGP234888
S-OTP-26-17955;SHIPMENT;3,00;NGP234892;PC CVITA NEXT ormar maska 3L bijela mat ZA.;NGP234892
S-OTP-26-17955;SHIPMENT;1,00;NGP234911;PC CVITA NEXT  ormar 2D/3D/4D/4D 3L vrata 2116 (2 kom) bijela mat ZA.;NGP234911
S-OTP-26-17955;SHIPMENT;2,00;NGP077680;PC CVITA krevet lebdeći 200x160 hrast chalet pak.3/3 ZA.;NGP077680
S-OTP-26-17955;SHIPMENT;3,00;NGP234913;PC CVITA NEXT  ormar 2D 3L/3D 3L/4D 3L  vrata 1408 (2 kom) bijela mat ZA.;NGP234913
S-OTP-26-17955;SHIPMENT;1,00;NGP234949;PC CVITA NEXT  ormar 1D/2D/2D 3L/3D/3D 3L/4D/4D 3L ručkica 525.27/256 ALU (1 kom) ZA.;NGP234949
S-OTP-26-17955;SHIPMENT;1,00;NGP234952;PC CVITA NEXT  ormar 1D/2D/2D 3L/3D/3D 3L/4D/4D 3L ručkica 525.27/256 ALU (4 kom) ZA.;NGP234952
S-OTP-26-17955;SHIPMENT;2,00;NGP234957;PC CVITA NEXT  ormar 1D/2D/2D 3L/3D/3D 3L/4D/4D 3L ručkica 525.27/256 CRNA  (1 kom) ZA.;NGP234957
S-OTP-26-17955;SHIPMENT;2,00;NGP234960;PC CVITA NEXT  ormar 1D/2D/2D 3L/3D/3D 3L/4D/4D 3L ručkica 525.27/256 CRNA  (4 kom) ZA.;NGP234960
S-OTP-26-17955;SHIPMENT;1,00;NGP234987;PC CVITA NEXT  ormar 1D/2D/2D 3L/3D/3D 3L/4D/4D 3L ručkica 715.13C/1088  CRNA  (2 kom) ZA.;NGP234987
S-OTP-26-17955;SHIPMENT;3,00;NGP077682;PC CVITA krevet lebdeći stranica 200x160/180 hrast chalet pak.1/3 ZA.;NGP077682
S-OTP-26-17955;SHIPMENT;2,00;NGP235006;PC CVITA NEXT or.klizni 220x200/250/250 3L  stranice hrast cremona CANNOLO ZA.;NGP235006
S-OTP-26-17955;SHIPMENT;2,00;NGP235009;PC CVITA NEXT or.klizni 220x250/250 3L  leđa bijelo ZA.;NGP235009
S-OTP-26-17955;SHIPMENT;1,00;NGP235011;PC CVITA NEXT or.klizni 220x200/250 3L  vertikala 2140 (1 kom) bijelo ZA.;NGP235011
S-OTP-26-17955;SHIPMENT;1,00;NGP235012;PC CVITA NEXT or.klizni 220x250/300  vertikala 2140 (2 kom) bijelo ZA.;NGP235012
S-OTP-26-17955;SHIPMENT;1,00;NGP235013;PC CVITA NEXT or.klizni 220x250 3L  vertikala 2140 LAD (1 kom) bijelo ZA.;NGP235013
S-OTP-26-17955;SHIPMENT;1,00;NGP235015;PC CVITA NEXT or.klizni 220x250 3L/300 6L  vertikala 1020 (1 kom)/polica bijelo ZA.;NGP235015
S-OTP-26-17955;SHIPMENT;1,00;NGP235016;PC CVITA NEXT or.klizni 200/250/250 3L/300/300 6L vezna polica 973 ( 1 kom) ZA.;NGP235016
S-OTP-26-17955;SHIPMENT;3,00;NGP235017;PC CVITA NEXT or.klizni 200/250/250 3L/300/300 6L vezna polica 973 ( 3kom) /sokl bijelo ZA.;NGP235017
S-OTP-26-17955;SHIPMENT;2,00;NGP235018;PC CVITA NEXT or.klizni 220x250/250 3L vezna polica 477 ( 3 kom) /sokl bijelo ZA.;NGP235018
S-OTP-26-17955;SHIPMENT;1,00;NGP235019;PC CVITA NEXT or.klizni 220x200/250/300 vertikala 1676/polica bijelo ZA.;NGP235019
S-OTP-26-17955;SHIPMENT;1,00;NGP235020;PC CVITA NEXT or.klizni 220x250/250 3L polica 477 ( 3 kom) bijelo ZA.;NGP235020
S-OTP-26-17955;SHIPMENT;1,00;NGP235028;PC CVITA NEXT or.klizni 220x250 okov crno ZA.;NGP235028
S-OTP-26-17955;SHIPMENT;1,00;NGP235030;PC CVITA NEXT or.klizni 220x250 3L okov crno ZA.;NGP235030
S-OTP-26-17955;SHIPMENT;1,00;NGP235036;PC CVITA NEXT or.klizni 220x250 spojni okov ZA.;NGP235036
S-OTP-26-17955;SHIPMENT;1,00;NGP235037;PC CVITA NEXT or.klizni 220x250 3L spojni okov ZA.;NGP235037
S-OTP-26-17955;SHIPMENT;4,00;NGP235046;PC CVITA NEXT or.klizni 220x250/250 3L  vrata (L/D-2kom) bijela mat ZA.;NGP235046
S-OTP-26-17955;SHIPMENT;1,00;NGP077683;PC CVITA krevet lebdeći 200x180 hrast chalet pak.2/3 ZA.;NGP077683
S-OTP-26-17955;SHIPMENT;3,00;NGP235056;PC CVITA NEXT or.klizni 220x250/250 3L  vrata (L/D-2kom) kašmir sjaj ZA.;NGP235056
S-OTP-26-17955;SHIPMENT;1,00;NGP235079;PC CVITA NEXT or.klizni 220x250 3L  vrata (L/D-1kom) hrast cremona CANNOLO ZA.;NGP235079
S-OTP-26-17955;SHIPMENT;1,00;NGP235085;PC CVITA NEXT or.klizni 220x250 3L/300 6L  korpus ladice ZA.;NGP235085
S-OTP-26-17955;SHIPMENT;1,00;NGP235107;PC CVITA NEXT or.klizni 220x250 3L/300 6L maska ladice NASADNA RUČKICA  hr. cremona CANNOLO ZA.;NGP235107
S-OTP-26-17955;SHIPMENT;1,00;NGP235108;PC CVITA NEXT or.klizni 220x250 3L vrata umetak hrast cremona CANNOLO ZA.;NGP235108
S-OTP-26-17955;SHIPMENT;1,00;NGP235721;PC CVITA NEXT or.klizni 220x250 3L polica 973 ( 2 kom) bijelo ZA.;NGP235721
S-OTP-26-17955;SHIPMENT;1,00;NGP235723;PC CVITA NEXT or.klizni 220x250 3L/300 6L  NASADNA RUČKICA (3 kom) CRNO ZA.;NGP235723
S-OTP-26-17955;SHIPMENT;4,00;NGP235763;PC CVITA NEXT ormar sokl/ maska 2D bijela mat ZA.;NGP235763
S-OTP-26-17955;SHIPMENT;1,00;NGP077684;PC CVITA krevet lebdeći 200x180 hrast chalet pak.3/3 ZA.;NGP077684
S-OTP-26-17955;SHIPMENT;1,00;NTR38712;PCM stol DAVOS R NOGE 160/210x90 crno;NTR38712
S-OTP-26-17955;SHIPMENT;2,00;NTR43264;PCM štep deka vata 100 g navl.pamuk/pamuk 200x180;NTR43264
S-OTP-26-17955;SHIPMENT;1,00;NTR61672;PCM nadmadrac MEMORY DREAM 200x120;NTR61672
S-OTP-26-17955;SHIPMENT;1,00;NTR71421;PCM barska stolica OLIVIA bukva bijelo Rita 9852 tamno sivo;NTR71421
S-OTP-26-17955;SHIPMENT;1,00;NTR72741;MDX ROMANTIK metalni krevet s podnicom 200x120 Ral 9005 crna pak. 1/2;NTR72741
S-OTP-26-17955;SHIPMENT;1,00;NTR72742;MDX ROMANTIK metalni krevet s podnicom 200x120 Ral 9005 crna pak. 2/2;NTR72742
S-OTP-26-17955;SHIPMENT;1,00;NTR78907;LP OSKAR LUX II ormar 3D/4V+3L KORPUS bijelo pak.1/2;NTR78907
S-OTP-26-17955;SHIPMENT;1,00;NTR78908;LP OSKAR LUX II ormar 3D/4V+3L KORPUS bijelo pak.2/2;NTR78908
S-OTP-26-17955;SHIPMENT;1,00;NGP084136;PC stol DAVOS-R PLOČA 160-210x90 hrast engrain classic ZA.;NGP084136
S-OTP-26-17955;SHIPMENT;1,00;NTR78910;LP OSKAR LUX II ormar 3D/4V+3L VRATA/MASKA bijelo pak.1/2;NTR78910
S-OTP-26-17955;SHIPMENT;1,00;NTR78911;LP OSKAR LUX II ormar 3D/4V+3L VRATA/MASKA bijelo pak.2/2;NTR78911
S-OTP-26-17955;SHIPMENT;1,00;NTR79014;LP PAOLA II ormar 200x45 KORPUS san remo;NTR79014
S-OTP-26-17955;SHIPMENT;1,00;NTR79015;LP PAOLA II ormar 200x45 VRATA bijelo;NTR79015
S-OTP-26-17955;SHIPMENT;1,00;NTR79731;PCM stol ATAKAMA PLOČA 160x90 cimet hrast mat lak;NTR79731
S-OTP-26-17955;SHIPMENT;1,00;NTR80264;LP NELA ormar klizni 200x180/270 fronta donja (1 kom) bijelo;NTR80264
S-OTP-26-17955;SHIPMENT;1,00;NTR81948;PCM NOX madrac 200x180;NTR81948
S-OTP-26-17955;SHIPMENT;1,00;NTR81958;PCM STELLAR madrac 200x140;NTR81958
S-OTP-26-17955;SHIPMENT;1,00;NTR82270;PCM RITA 2 fran. krevet 200x160 TAPET Helena 103 cappuccino;NTR82270
S-OTP-26-17955;SHIPMENT;1,00;NTR82271;PCM RITA 2 fran. krevet 200x160 UZGLAVLJE Helena 103 cappuccino;NTR82271
S-OTP-26-17956;SHIPMENT;5,00;NGP077679;PC CVITA krevet lebdeći 200x160 hrast chalet pak.2/3 ZA.;NGP077679
S-OTP-26-17956;SHIPMENT;2,00;NGP077683;PC CVITA krevet lebdeći 200x180 hrast chalet pak.2/3 ZA.;NGP077683
S-OTP-26-17956;SHIPMENT;2,00;NGP077684;PC CVITA krevet lebdeći 200x180 hrast chalet pak.3/3 ZA.;NGP077684
S-OTP-26-17956;SHIPMENT;1,00;NGP227755;PC stol IKANO FIX 160/180x90 POSTOLJE CRNO mat pak.1/2 ZA.;NGP227755
S-OTP-26-17956;SHIPMENT;1,00;NGP227756;PC stol IKANO FIX 160/180x90 POSTOLJE CRNO mat pak.2/2 ZA.;NGP227756
S-OTP-26-17956;SHIPMENT;1,00;NGP230259;PC stol IDIS/IKANO 180x90 PLOČA Orah Lincoln ZA.;NGP230259
S-OTP-26-17956;SHIPMENT;1,00;NGP235324;PC stol ARVIO fix 140x90 POSTOLJE crno mat ZA.;NGP235324
S-OTP-26-17956;SHIPMENT;1,00;NGP235691;PC stol ARVIO fix 140x90 PLOČA Orah Lincoln ZA.;NGP235691
S-OTP-26-17956;SHIPMENT;1,00;NTR61677;PCM nadmadrac MEMORY DREAM 200x180;NTR61677
S-OTP-26-17956;SHIPMENT;1,00;NTR81890;PCM BAMBOO madrac 200x90;NTR81890
S-OTP-26-17956;SHIPMENT;1,00;NTR82270;PCM RITA 2 fran. krevet 200x160 TAPET Helena 103 cappuccino;NTR82270
S-OTP-26-17956;SHIPMENT;1,00;NTR82271;PCM RITA 2 fran. krevet 200x160 UZGLAVLJE Helena 103 cappuccino;NTR82271
S-OTP-26-17956;SHIPMENT;1,00;NTR82287;PCM TINA 2 fran. krevet 200x70 KORPUS DESNI Himalia 108 sivo;NTR82287
S-OTP-26-17956;SHIPMENT;1,00;NTR82291;PCM TINA 2 fran. krevet 200x70 KORPUS LIJEVI Himalia 108 sivo;NTR82291
S-OTP-26-17956;SHIPMENT;1,00;NTR82294;PCM RITA 2 fran. krevet 200x80 KORPUS DESNI Helena 103 cappuccino;NTR82294
S-OTP-26-17956;SHIPMENT;1,00;NTR82295;PCM TINA 2 fran. krevet 200x80 KORPUS DESNI Himalia 105 cappuccino;NTR82295
S-OTP-26-17956;SHIPMENT;1,00;NTR82297;PCM RITA 2 fran. krevet 200x80 KORPUS LIJEVI Helena 103 cappuccino;NTR82297
S-OTP-26-17956;SHIPMENT;1,00;NTR82298;PCM TINA 2 fran. krevet 200x80 KORPUS LIJEVI Himalia 105 cappuccino;NTR82298
S-OTP-26-17956;SHIPMENT;1,00;NTR82301;PCM TINA 2 fran. krevet 200x90 KORPUS DESNI Himalia 108 sivo;NTR82301
S-OTP-26-17956;SHIPMENT;1,00;NTR82303;PCM TINA 2 fran. krevet 200x90 KORPUS LIJEVI Himalia 108 sivo;NTR82303
S-OTP-26-17956;SHIPMENT;1,00;NTR82312;PCM TINA 2 fran. krevet 200x140 TAPET Himalia 108 sivo;NTR82312
S-OTP-26-17956;SHIPMENT;1,00;NTR82314;PCM TINA 2 fran. krevet 200x140 UZGLAVLJE Himalia 108 sivo;NTR82314
S-OTP-26-17956;SHIPMENT;1,00;NTR82315;PCM TINA 2 fran. krevet 200x160 TAPET Himalia 105 cappuccino;NTR82315
S-OTP-26-17956;SHIPMENT;1,00;NTR82317;PCM TINA 2 fran. krevet 200x160 UZGLAVLJE Himalia 105 cappuccino;NTR82317
S-OTP-26-17956;SHIPMENT;1,00;NTR82320;PCM TINA 2 fran. krevet 200x180 UZGLAVLJE Himalia 108 sivo;NTR82320
S-OTP-26-17956;SHIPMENT;1,00;NTR82322;PCM TINA 2 fran. krevet 200x90 TAPET DESNI Himalia 108 sivo;NTR82322
S-OTP-26-17956;SHIPMENT;1,00;NTR82324;PCM TINA 2 fran. krevet 200x90 TAPET LIJEVI Himalia 108 sivo;NTR82324
S-OTP-26-17956;SHIPMENT;2,00;NTR82329;PCM TINA 2 fran. krevet 140/160 OKOV+NOGE;NTR82329
S-OTP-26-17956;SHIPMENT;1,00;NTR82330;PCM TINA 2 fran. krevet 180 OKOV+NOGE;NTR82330
S-OTP-26-17956;SHIPMENT;1,00;NTR82334;PCM RITA 2 fran. krevet 140/160 OKOV+NOGE;NTR82334
S-OTP-26-17956;SHIPMENT;1,00;NTR82533;PCM RONI 2/VITO 2 box krevet 160/180 OKOV+NOGE hrast - ulje;NTR82533
S-OTP-26-17956;SHIPMENT;1,00;NTR83614;PCM RONI 2 box krevet 200x180 UZGLAVLJE Deneris 9811 smeđe;NTR83614
S-OTP-26-17956;SHIPMENT;1,00;NTR83631;PCM RONI/VITO box krevet 200x180 MADRAC Deneris 9811 smeđe;NTR83631
S-OTP-26-17956;SHIPMENT;2,00;NTR83638;PCM RONI 2/VITO 2 box krevet 200x90 TAPET  Deneris 9811 smeđe;NTR83638
S-OTP-26-17956;SHIPMENT;1,00;NTR83805;PCM SELECT box krevet 200x90 KORPUS DESNI Deneris 9811 smeđe;NTR83805
S-OTP-26-17956;SHIPMENT;1,00;NTR83829;PCM SELECT box krevet 200x90 KORPUS LIJEVI Deneris 9811 smeđe;NTR83829
S-OTP-26-17956;SHIPMENT;5,00;NGP077680;PC CVITA krevet lebdeći 200x160 hrast chalet pak.3/3 ZA.;NGP077680
S-OTP-26-17956;SHIPMENT;6,00;NTR87263;PCM stolica DUBLIN crno mat Benett 9502 sivo;NTR87263
S-OTP-26-17956;SHIPMENT;1,00;NTR88685;LP OSKAR LUX II komoda 90 3L KORPUS san remo;NTR88685
S-OTP-26-17956;SHIPMENT;1,00;NTR88688;LP OSKAR LUX II komoda 90 3L LADICE kašmir;NTR88688
S-OTP-26-17956;SHIPMENT;2,00;NTR88699;LP OSKAR LUX II komoda 135 1VR+3L KORPUS pak. 1/2 bijelo;NTR88699
S-OTP-26-17956;SHIPMENT;1,00;NTR88703;LP OSKAR LUX II komoda 135 1VR+3L KORPUS pak. 1/2 san remo;NTR88703
S-OTP-26-17956;SHIPMENT;2,00;NTR88704;LP OSKAR LUX II komoda 135 1VR+3L KORPUS pak. 2/2 bijelo;NTR88704
S-OTP-26-17956;SHIPMENT;1,00;NTR88708;LP OSKAR LUX II komoda 135 1VR+3L KORPUS pak. 2/2 san remo;NTR88708
S-OTP-26-17956;SHIPMENT;2,00;NTR88709;LP OSKAR LUX II komoda 135 1VR+3L VRATA/MASKE bijelo;NTR88709
S-OTP-26-17956;SHIPMENT;1,00;NTR88711;LP OSKAR LUX II komoda 135 1VR+3L VRATA/MASKE kašmir;NTR88711
S-OTP-26-17956;SHIPMENT;1,00;NTR92562;PCM LINA 2 fran. krevet 160x200 UZGLAVLJE Mercury 102 svijetlo sivo/Mercury 201 žuto;NTR92562
S-OTP-26-17956;SHIPMENT;1,00;NTR92567;PCM LINA 2 fran. krevet 80x200 KORPUS DESNI Mercury 102 svijetlo sivo;NTR92567
S-OTP-26-17956;SHIPMENT;1,00;NTR92572;PCM LINA 2 fran. krevet 80x200 KORPUS LIJEVI Mercury 102 svijetlo sivo;NTR92572
S-OTP-26-17956;SHIPMENT;1,00;NTR92577;PCM LINA 2 fran. krevet 160x200 TAPET Mercury 102 svijetlo sivo;NTR92577
S-OTP-26-17956;SHIPMENT;1,00;NTR92578;PCM LINA 2 fran. krevet 160x200 OKOV+NOGE;NTR92578
S-OTP-26-17956;SHIPMENT;4,00;NTR43141;LP noćnik OSKAR LUX 1L KORPUS hrast ontario DZ.;NTR43141
S-OTP-26-17956;SHIPMENT;4,00;NTR68226;LP noćnik OSKAR LUX 1L MASKA tartuf smeđa DZ.;NTR68226
S-OTP-26-17956;SHIPMENT;2,00;NTR97327;PCM nadmadrac SOFT PLUS 140x200;NTR97327
S-OTP-26-17956;SHIPMENT;1,00;NTR81896;PCM BASIC SOFT madrac 200x90;NTR81896
S-OTP-26-17956;SHIPMENT;7,00;NGP077682;PC CVITA krevet lebdeći stranica 200x160/180 hrast chalet pak.1/3 ZA.;NGP077682
S-OTP-26-17958;SHIPMENT;2,00;NGP077682;PC CVITA krevet lebdeći stranica 200x160/180 hrast chalet pak.1/3 ZA.;NGP077682
S-OTP-26-17958;SHIPMENT;1,00;NGP234834;PC CVITA NEXT ormar vezna polica + sokl 982 G+D tkanina ZA.;NGP234834
S-OTP-26-17958;SHIPMENT;1,00;NGP234836;PC CVITA NEXT ormar vezna polica/polica 982 ( 2 kom ) SREDNJA tkanina ZA.;NGP234836
S-OTP-26-17958;SHIPMENT;1,00;NGP234841;PC CVITA NEXT ormar leđa (2 kom) tkanina ZA.;NGP234841
S-OTP-26-17958;SHIPMENT;1,00;NGP234850;PC CVITA NEXT ormar sokl/ maska 2D kašmir mat ZA.;NGP234850
S-OTP-26-17958;SHIPMENT;1,00;NGP234864;PC CVITA NEXT  ormar 2D okov ZA.;NGP234864
S-OTP-26-17958;SHIPMENT;1,00;NGP234919;PC CVITA NEXT  ormar 2D/3D/4D/4D 3L vrata 2116 (2 kom) kašmir mat ZA.;NGP234919
S-OTP-26-17958;SHIPMENT;1,00;NGP234962;PC CVITA NEXT  ormar 1D/2D/2D 3L/3D/3D 3L/4D/4D 3L ručkica 525.27/1244 CRNA  (2 kom) ZA.;NGP234962
S-OTP-26-17958;SHIPMENT;2,00;NTR61676;PCM nadmadrac MEMORY DREAM 200x160;NTR61676
S-OTP-26-17958;SHIPMENT;1,00;NTR62791;LP PAOLA bijelo krevet 190x90 pak.1/3 U-U;NTR62791
S-OTP-26-17958;SHIPMENT;1,00;NTR62792;LP PAOLA bijelo krevet 190x90 pak.2/3 STRANICE;NTR62792
S-OTP-26-17958;SHIPMENT;1,00;NTR62793;LP PAOLA bijelo krevet 190x90 pak.3/3 OKOV;NTR62793
S-OTP-26-17958;SHIPMENT;2,00;NTR71400;PCM polubarska stolica OLIVIA bukva bijelo Eon 102 svijetlo sivo;NTR71400
S-OTP-26-17958;SHIPMENT;2,00;NTR72707;MDX VRELO metalni krevet s podnicom 200x160 Ral 9016 bijela pak. 1/2;NTR72707
S-OTP-26-17958;SHIPMENT;2,00;NTR72708;MDX VRELO metalni krevet s podnicom 200x160 Ral 9016 bijela pak. 2/2;NTR72708
S-OTP-26-17958;SHIPMENT;2,00;NTR81972;PCM STRONG madrac 200x80;NTR81972
S-OTP-26-17958;SHIPMENT;1,00;NTR82261;PCM IVONA fran. krevet 200x140 TAPET Neve 74 plavo;NTR82261
S-OTP-26-17958;SHIPMENT;1,00;NTR82263;PCM IVONA fran. krevet 200x140 UZGLAVLJE Neve 74 plavo;NTR82263
S-OTP-26-17958;SHIPMENT;1,00;NTR82270;PCM RITA 2 fran. krevet 200x160 TAPET Helena 103 cappuccino;NTR82270
S-OTP-26-17958;SHIPMENT;2,00;NGP077683;PC CVITA krevet lebdeći 200x180 hrast chalet pak.2/3 ZA.;NGP077683
S-OTP-26-17958;SHIPMENT;1,00;NTR82271;PCM RITA 2 fran. krevet 200x160 UZGLAVLJE Helena 103 cappuccino;NTR82271
S-OTP-26-17958;SHIPMENT;1,00;NTR82289;PCM IVONA fran. krevet 200x70 KORPUS DESNI Neve 74 plavo;NTR82289
S-OTP-26-17958;SHIPMENT;1,00;NTR82293;PCM IVONA fran. krevet 200x70 KORPUS LIJEVI Neve 74 plavo;NTR82293
S-OTP-26-17958;SHIPMENT;1,00;NTR82294;PCM RITA 2 fran. krevet 200x80 KORPUS DESNI Helena 103 cappuccino;NTR82294
S-OTP-26-17958;SHIPMENT;2,00;NTR82295;PCM TINA 2 fran. krevet 200x80 KORPUS DESNI Himalia 105 cappuccino;NTR82295
S-OTP-26-17958;SHIPMENT;1,00;NTR82297;PCM RITA 2 fran. krevet 200x80 KORPUS LIJEVI Helena 103 cappuccino;NTR82297
S-OTP-26-17958;SHIPMENT;2,00;NTR82298;PCM TINA 2 fran. krevet 200x80 KORPUS LIJEVI Himalia 105 cappuccino;NTR82298
S-OTP-26-17958;SHIPMENT;1,00;NTR82301;PCM TINA 2 fran. krevet 200x90 KORPUS DESNI Himalia 108 sivo;NTR82301
S-OTP-26-17958;SHIPMENT;1,00;NTR82303;PCM TINA 2 fran. krevet 200x90 KORPUS LIJEVI Himalia 108 sivo;NTR82303
S-OTP-26-17958;SHIPMENT;2,00;NTR82315;PCM TINA 2 fran. krevet 200x160 TAPET Himalia 105 cappuccino;NTR82315
S-OTP-26-17958;SHIPMENT;2,00;NTR82317;PCM TINA 2 fran. krevet 200x160 UZGLAVLJE Himalia 105 cappuccino;NTR82317
S-OTP-26-17958;SHIPMENT;1,00;NTR82320;PCM TINA 2 fran. krevet 200x180 UZGLAVLJE Himalia 108 sivo;NTR82320
S-OTP-26-17958;SHIPMENT;1,00;NTR82322;PCM TINA 2 fran. krevet 200x90 TAPET DESNI Himalia 108 sivo;NTR82322
S-OTP-26-17958;SHIPMENT;1,00;NTR82324;PCM TINA 2 fran. krevet 200x90 TAPET LIJEVI Himalia 108 sivo;NTR82324
S-OTP-26-17958;SHIPMENT;2,00;NTR82329;PCM TINA 2 fran. krevet 140/160 OKOV+NOGE;NTR82329
S-OTP-26-17958;SHIPMENT;2,00;NGP077684;PC CVITA krevet lebdeći 200x180 hrast chalet pak.3/3 ZA.;NGP077684
S-OTP-26-17958;SHIPMENT;1,00;NTR82330;PCM TINA 2 fran. krevet 180 OKOV+NOGE;NTR82330
S-OTP-26-17958;SHIPMENT;2,00;NTR82333;PCM IVONA fran. krevet 140 OKOV+NOGE;NTR82333
S-OTP-26-17958;SHIPMENT;2,00;NTR82334;PCM RITA 2 fran. krevet 140/160 OKOV+NOGE;NTR82334
S-OTP-26-17958;SHIPMENT;1,00;NTR82335;PCM ROSE 2 kr. ladica 160/180 OKOV+NOGE;NTR82335
S-OTP-26-17958;SHIPMENT;1,00;NTR82405;PCM IVONA fran. krevet 200x140 TAPET Neve 85 sivo;NTR82405
S-OTP-26-17958;SHIPMENT;1,00;NTR82406;PCM IVONA fran. krevet 200x140 UZGLAVLJE Neve 85 sivo;NTR82406
S-OTP-26-17958;SHIPMENT;1,00;NTR82411;PCM RITA 2 fran. krevet 200x160 TAPET Helena 136 prljavo rozo;NTR82411
S-OTP-26-17958;SHIPMENT;1,00;NTR82413;PCM RITA 2 fran. krevet 200x160 UZGLAVLJE Helena 136 prljavo rozo;NTR82413
S-OTP-26-17958;SHIPMENT;3,00;NTR82423;PCM RONI 2 box krevet 200x160 UZGLAVLJE Deneris 9573 svijetlo sivo;NTR82423
S-OTP-26-17958;SHIPMENT;3,00;NTR82426;PCM RONI/VITO box krevet 200x160 MADRAC Deneris 9573 svijetlo sivo;NTR82426
S-OTP-26-17958;SHIPMENT;6,00;NTR82429;PCM RONI 2/VITO 2 box krevet 200x80 TAPET  Deneris 9573 svijetlo sivo;NTR82429
S-OTP-26-17958;SHIPMENT;1,00;NTR82456;PCM IVONA fran. krevet 200x70 KORPUS DESNI Neve 85 sivo;NTR82456
S-OTP-26-17958;SHIPMENT;1,00;NTR82459;PCM IVONA fran. krevet 200x70 KORPUS LIJEVI Neve 85 sivo;NTR82459
S-OTP-26-17958;SHIPMENT;1,00;NTR82462;PCM RITA 2 fran. krevet 200x80 KORPUS DESNI Helena 136 prljavo rozo;NTR82462
S-OTP-26-17958;SHIPMENT;1,00;NTR82470;PCM RITA 2 fran. krevet 200x80 KORPUS LIJEVI Helena 136 prljavo rozo;NTR82470
S-OTP-26-17958;SHIPMENT;1,00;NGP084140;PC stol CROSS R 138-178x90 hrast chalet pak.1/2 ZA.;NGP084140
S-OTP-26-17958;SHIPMENT;1,00;NTR82526;PCM BARI krevet 200x180 MADRAC Harrison 9852 tamno sivo;NTR82526
S-OTP-26-17958;SHIPMENT;3,00;NTR82533;PCM RONI 2/VITO 2 box krevet 160/180 OKOV+NOGE hrast - ulje;NTR82533
S-OTP-26-17958;SHIPMENT;1,00;NTR83308;PCM BARI 200x180 UZGLAVLJE Harrison 9852 tamno sivo;NTR83308
S-OTP-26-17958;SHIPMENT;2,00;NTR83335;PCM BARI/RIMINI/PESARO kr. ladica 200x90 TAPET Harrison 9852 tamno sivo;NTR83335
S-OTP-26-17958;SHIPMENT;1,00;NTR83724;PCM SELECT kr. ladica 200x90 KORPUS DESNI Harrison 9852 tamno sivo;NTR83724
S-OTP-26-17958;SHIPMENT;1,00;NTR83742;PCM SELECT kr. ladica 200x90 KORPUS LIJEVI Harrison 9852 tamno sivo;NTR83742
S-OTP-26-17958;SHIPMENT;3,00;NTR83758;PCM SELECT box krevet 200x80 KORPUS DESNI Deneris 9573 svijetlo sivo;NTR83758
S-OTP-26-17958;SHIPMENT;3,00;NTR83781;PCM SELECT box krevet 200x80 KORPUS LIJEVI Deneris 9573 svijetlo sivo;NTR83781
S-OTP-26-17958;SHIPMENT;1,00;NGP084141;PC stol CROSS R 138-178x90 hrast chalet pak.2/2 ZA.;NGP084141
S-OTP-26-17958;SHIPMENT;1,00;NTR86045;PCM ORTOPEDIC madrac 200x160;NTR86045
S-OTP-26-17958;SHIPMENT;1,00;NTR86046;PCM ORTOPEDIC madrac 190x90;NTR86046
S-OTP-26-17958;SHIPMENT;1,00;NTR88694;LP OSKAR LUX II komoda 90 2VR+1L KORPUS san remo;NTR88694
S-OTP-26-17958;SHIPMENT;1,00;NTR89295;LP OSKAR LUX II komoda 90 2VR+1L VRATA/LADICE san remo;NTR89295
S-OTP-26-17958;SHIPMENT;1,00;NTR97323;PCM nadmadrac FLEX COMFORT 160x200;NTR97323
S-OTP-26-17958;SHIPMENT;3,00;NTR43264;PCM štep deka vata 100 g navl.pamuk/pamuk 200x180;NTR43264
S-OTP-26-17958;SHIPMENT;2,00;NTR43193;PCM jastuk silikonski 80x60 neštepani;NTR43193
S-OTP-26-17958;SHIPMENT;2,00;NTR80232;LP NELA ormar klizni 200x150/180/220/270 2VR L+D bočna stranica hrast ontario;NTR80232
S-OTP-26-17958;SHIPMENT;2,00;NTR80217;LP NELA ormar klizni 200x150 pod/strop/sr.vez bijelo;NTR80217
S-OTP-26-17958;SHIPMENT;1,00;NGP234828;PC CVITA NEXT ormar stranice D+L hrast cremona CANNOLO ZA.;NGP234828
S-OTP-26-17958;SHIPMENT;2,00;NTR80218;LP NELA ormar klizni 200x150 okomica veća+manja/police bijelo;NTR80218
S-OTP-26-17958;SHIPMENT;2,00;NTR80222;LP NELA ormar klizni 200x150 sokl hrast ontario;NTR80222
S-OTP-26-17958;SHIPMENT;1,00;NTR88540;LP NELA ormar klizni 200x150 leđa/vrata L+D crna mat;NTR88540
S-OTP-26-17958;SHIPMENT;1,00;NTR88573;LP NELA ormar klizni 200x150 okov s crnim ručkama;NTR88573
S-OTP-26-17958;SHIPMENT;1,00;NTR80225;LP NELA ormar klizni 200x150 leđa/vrata L+D saten mat;NTR80225
S-OTP-26-17958;SHIPMENT;1,00;NTR80228;LP NELA ormar klizni 200x150 okov;NTR80228
S-OTP-26-17959;SHIPMENT;1,00;NGP077682;PC CVITA krevet lebdeći stranica 200x160/180 hrast chalet pak.1/3 ZA.;NGP077682
S-OTP-26-17959;SHIPMENT;1,00;NTR82498;PCM TINA 2 fran. krevet 200x160 TAPET Himalia 134 zeleno;NTR82498
S-OTP-26-17959;SHIPMENT;1,00;NTR82499;PCM TINA 2 fran. krevet 200x160 UZGLAVLJE Himalia 134 zeleno;NTR82499
S-OTP-26-17959;SHIPMENT;1,00;NTR97327;PCM nadmadrac SOFT PLUS 140x200;NTR97327
S-OTP-26-17959;SHIPMENT;1,00;NTR97325;PCM nadmadrac SOFT PLUS 90x200;NTR97325
S-OTP-26-17959;SHIPMENT;1,00;NTR81896;PCM BASIC SOFT madrac 200x90;NTR81896
S-OTP-26-17959;SHIPMENT;1,00;NTR87045;PCM POLINA box krevet 200X180 MADRAC Stanlio 136 rozo;NTR87045
S-OTP-26-17959;SHIPMENT;1,00;NTR87025;PCM POLINA box krevet 200X180 NADMADRAC;NTR87025
S-OTP-26-17959;SHIPMENT;2,00;NTR81964;PCM STELLAR madrac 200x80;NTR81964
S-OTP-26-17959;SHIPMENT;1,00;NTR81961;PCM STELLAR madrac 200x180;NTR81961
S-OTP-26-17959;SHIPMENT;1,00;NGP077683;PC CVITA krevet lebdeći 200x180 hrast chalet pak.2/3 ZA.;NGP077683
S-OTP-26-17959;SHIPMENT;1,00;NGP077684;PC CVITA krevet lebdeći 200x180 hrast chalet pak.3/3 ZA.;NGP077684
S-OTP-26-17959;SHIPMENT;1,00;NTR43263;PCM štep deka vata 100 g navl.pamuk/pamuk 200x160;NTR43263
S-OTP-26-17959;SHIPMENT;2,00;NTR71432;PCM barska stolica OLIVIA bukva sivo Rita 9811 smeđe;NTR71432
S-OTP-26-17959;SHIPMENT;1,00;NTR81938;PCM NORDIC LUX madrac 200x90;NTR81938
S-OTP-26-17959;SHIPMENT;1,00;NTR82329;PCM TINA 2 fran. krevet 140/160 OKOV+NOGE;NTR82329
S-OTP-26-17959;SHIPMENT;1,00;NTR82463;PCM TINA 2 fran. krevet 200x80 KORPUS DESNI Himalia 134 zeleno;NTR82463
S-OTP-26-17959;SHIPMENT;1,00;NTR82471;PCM TINA 2 fran. krevet 200x80 KORPUS LIJEVI Himalia 134 zeleno;NTR82471
S-OTP-26-17960;SHIPMENT;1,00;NGP077682;PC CVITA krevet lebdeći stranica 200x160/180 hrast chalet pak.1/3 ZA.;NGP077682
S-OTP-26-17960;SHIPMENT;3,00;NTR82298;PCM TINA 2 fran. krevet 200x80 KORPUS LIJEVI Himalia 105 cappuccino;NTR82298
S-OTP-26-17960;SHIPMENT;2,00;NTR82301;PCM TINA 2 fran. krevet 200x90 KORPUS DESNI Himalia 108 sivo;NTR82301
S-OTP-26-17960;SHIPMENT;2,00;NTR82303;PCM TINA 2 fran. krevet 200x90 KORPUS LIJEVI Himalia 108 sivo;NTR82303
S-OTP-26-17960;SHIPMENT;3,00;NTR82315;PCM TINA 2 fran. krevet 200x160 TAPET Himalia 105 cappuccino;NTR82315
S-OTP-26-17960;SHIPMENT;3,00;NTR82317;PCM TINA 2 fran. krevet 200x160 UZGLAVLJE Himalia 105 cappuccino;NTR82317
S-OTP-26-17960;SHIPMENT;2,00;NTR82320;PCM TINA 2 fran. krevet 200x180 UZGLAVLJE Himalia 108 sivo;NTR82320
S-OTP-26-17960;SHIPMENT;2,00;NTR82322;PCM TINA 2 fran. krevet 200x90 TAPET DESNI Himalia 108 sivo;NTR82322
S-OTP-26-17960;SHIPMENT;1,00;NGP077683;PC CVITA krevet lebdeći 200x180 hrast chalet pak.2/3 ZA.;NGP077683
S-OTP-26-17960;SHIPMENT;2,00;NTR82324;PCM TINA 2 fran. krevet 200x90 TAPET LIJEVI Himalia 108 sivo;NTR82324
S-OTP-26-17960;SHIPMENT;6,00;NTR82329;PCM TINA 2 fran. krevet 140/160 OKOV+NOGE;NTR82329
S-OTP-26-17960;SHIPMENT;2,00;NTR82330;PCM TINA 2 fran. krevet 180 OKOV+NOGE;NTR82330
S-OTP-26-17960;SHIPMENT;1,00;NTR82332;PCM IVONA fran. krevet 90/120 OKOV+NOGE;NTR82332
S-OTP-26-17960;SHIPMENT;1,00;NTR82407;PCM IVONA fran. krevet 200x90 KORPUS Neve 85 sivo;NTR82407
S-OTP-26-17960;SHIPMENT;1,00;NTR82408;PCM IVONA fran. krevet 200x90 TAPET Neve 85 sivo;NTR82408
S-OTP-26-17960;SHIPMENT;1,00;NTR82409;PCM IVONA fran. krevet 200x90 UZGLAVLJE Neve 85 sivo;NTR82409
S-OTP-26-17960;SHIPMENT;6,00;NTR88726;PCM noge DAVOS/VITA/ZARA/MIA bukva crno;NTR88726
S-OTP-26-17960;SHIPMENT;1,00;NGP077684;PC CVITA krevet lebdeći 200x180 hrast chalet pak.3/3 ZA.;NGP077684
S-OTP-26-17960;SHIPMENT;1,00;NTR94622;PCM KETI fran. krevet 160x200 UZGLAVLJE Timor New 102 sivo;NTR94622
S-OTP-26-17960;SHIPMENT;1,00;NTR94623;PCM KETI/VALA fran. krevet 80x200 KORPUS DESNI Timor New 102 sivo;NTR94623
S-OTP-26-17960;SHIPMENT;1,00;NTR94624;PCM KETI/VALA fran. krevet 80x200 KORPUS LIJEVI Timor New 102 sivo;NTR94624
S-OTP-26-17960;SHIPMENT;1,00;NTR94625;PCM KETI/VALA fran. krevet 160x200 TAPET Timor New 102 sivo;NTR94625
S-OTP-26-17960;SHIPMENT;2,00;NTR97329;PCM nadmadrac SOFT PLUS 180x200;NTR97329
S-OTP-26-17960;SHIPMENT;1,00;NTR83603;PCM RITA 2 fran. krevet 200x140 TAPET Helena 136 prljavo rozo;NTR83603
S-OTP-26-17960;SHIPMENT;1,00;NTR83606;PCM RITA 2 fran. krevet 200x140 UZGLAVLJE Helena 136 prljavo rozo;NTR83606
S-OTP-26-17960;SHIPMENT;1,00;NTR83857;PCM RITA 2 fran. krevet 200x70 KORPUS DESNI Helena 136 prljavo rozo;NTR83857
S-OTP-26-17960;SHIPMENT;1,00;NTR83876;PCM RITA 2 fran. krevet 200x70 KORPUS LIJEVI Helena 136 prljavo rozo;NTR83876
S-OTP-26-17960;SHIPMENT;2,00;NTR82334;PCM RITA 2 fran. krevet 140/160 OKOV+NOGE;NTR82334
S-OTP-26-17960;SHIPMENT;2,00;NTR43176;PCM jastuk anatomski MEMORY CONTOUR 70x40x10/12;NTR43176
S-OTP-26-17960;SHIPMENT;1,00;NTR82296;PCM TINA 2 fran. krevet 200x80 KORPUS DESNI Himalia 108 sivo;NTR82296
S-OTP-26-17960;SHIPMENT;1,00;NTR82299;PCM TINA 2 fran. krevet 200x80 KORPUS LIJEVI Himalia 108 sivo;NTR82299
S-OTP-26-17960;SHIPMENT;1,00;NTR82316;PCM TINA 2 fran. krevet 200x160 TAPET Himalia 108 sivo;NTR82316
S-OTP-26-17960;SHIPMENT;1,00;NTR82318;PCM TINA 2 fran. krevet 200x160 UZGLAVLJE Himalia 108 sivo;NTR82318
S-OTP-26-17960;SHIPMENT;1,00;NTR83601;PCM RITA 2 fran. krevet 200x140 TAPET Helena 103 cappuccino;NTR83601
S-OTP-26-17960;SHIPMENT;1,00;NTR83604;PCM RITA 2 fran. krevet 200x140 UZGLAVLJE Helena 103 cappuccino;NTR83604
S-OTP-26-17960;SHIPMENT;1,00;NTR83855;PCM RITA 2 fran. krevet 200x70 KORPUS DESNI Helena 103 cappuccino;NTR83855
S-OTP-26-17960;SHIPMENT;1,00;NTR83874;PCM RITA 2 fran. krevet 200x70 KORPUS LIJEVI Helena 103 cappuccino;NTR83874
S-OTP-26-17960;SHIPMENT;1,00;NTR68884;PCM komoda ORDOS/SAHARA  crno mat pak. 2/2 NOGE;NTR68884
S-OTP-26-17960;SHIPMENT;1,00;NTR97328;PCM nadmadrac SOFT PLUS 160x200;NTR97328
S-OTP-26-17960;SHIPMENT;1,00;NTR43263;PCM štep deka vata 100 g navl.pamuk/pamuk 200x160;NTR43263
S-OTP-26-17960;SHIPMENT;1,00;NTR69034;PCM komoda SAHARA hrast furnir Sahara Noir crno mat pak. 1/2 KORPUS + VRATA;NTR69034
S-OTP-26-17960;SHIPMENT;1,00;NTR43264;PCM štep deka vata 100 g navl.pamuk/pamuk 200x180;NTR43264
S-OTP-26-17960;SHIPMENT;1,00;NTR86984;PCM POLINA box krevet 200X160 MADRAC Stanlio 101 krem;NTR86984
S-OTP-26-17960;SHIPMENT;1,00;NTR86998;PCM POLINA box krevet 200X160 NADMADRAC;NTR86998
S-OTP-26-17960;SHIPMENT;1,00;NTR82286;PCM TINA 2 fran. krevet 200x70 KORPUS DESNI Himalia 105 cappuccino;NTR82286
S-OTP-26-17960;SHIPMENT;1,00;NTR82290;PCM TINA 2 fran. krevet 200x70 KORPUS LIJEVI Himalia 105 cappuccino;NTR82290
S-OTP-26-17960;SHIPMENT;1,00;NTR82311;PCM TINA 2 fran. krevet 200x140 TAPET Himalia 105 cappuccino;NTR82311
S-OTP-26-17960;SHIPMENT;1,00;NTR81892;PCM BASIC SOFT madrac 200x160;NTR81892
S-OTP-26-17960;SHIPMENT;1,00;NTR82313;PCM TINA 2 fran. krevet 200x140 UZGLAVLJE Himalia 105 cappuccino;NTR82313
S-OTP-26-17960;SHIPMENT;3,00;NTR82295;PCM TINA 2 fran. krevet 200x80 KORPUS DESNI Himalia 105 cappuccino;NTR82295
S-OTP-26-17961;SHIPMENT;1,00;NGP084136;PC stol DAVOS-R PLOČA 160-210x90 hrast engrain classic ZA.;NGP084136
S-OTP-26-17961;SHIPMENT;2,00;NTR82329;PCM TINA 2 fran. krevet 140/160 OKOV+NOGE;NTR82329
S-OTP-26-17961;SHIPMENT;1,00;NTR82414;PCM RITA 2 fran. krevet 200x180 UZGLAVLJE Helena 103 cappuccino;NTR82414
S-OTP-26-17961;SHIPMENT;1,00;NTR82417;PCM RITA 2 fran. krevet 200x90 TAPET DESNI Helena 103 cappuccino;NTR82417
S-OTP-26-17961;SHIPMENT;1,00;NTR82420;PCM RITA 2 fran. krevet 200x90 TAPET LIJEVI Helena 103 cappuccino;NTR82420
S-OTP-26-17961;SHIPMENT;1,00;NTR82477;PCM RITA 2 fran. krevet 200x90 KORPUS DESNI Helena 103 cappuccino;NTR82477
S-OTP-26-17961;SHIPMENT;1,00;NTR82482;PCM RITA 2 fran. krevet 200x90 KORPUS LIJEVI Helena 103 cappuccino;NTR82482
S-OTP-26-17961;SHIPMENT;1,00;NTR82532;PCM RITA 2 fran. krevet 180 OKOV+NOGE;NTR82532
S-OTP-26-17961;SHIPMENT;1,00;NTR94608;PCM KETI fran. krevet 120x200 UZGLAVLJE Timor New 101 bijela;NTR94608
S-OTP-26-17961;SHIPMENT;1,00;NTR94609;PCM KETI/VALA fran. krevet 120x200 KORPUS Timor New 101 bijela;NTR94609
S-OTP-26-17961;SHIPMENT;1,00;NTR94610;PCM KETI/VALA fran. krevet 120x200 TAPET Timor New 101 bijela;NTR94610
S-OTP-26-17961;SHIPMENT;1,00;NTR38712;PCM stol DAVOS R NOGE 160/210x90 crno;NTR38712
S-OTP-26-17961;SHIPMENT;1,00;NTR94611;PCM KETI fran. krevet 120 OKOV+NOGE;NTR94611
S-OTP-26-17961;SHIPMENT;1,00;NTR92562;PCM LINA 2 fran. krevet 160x200 UZGLAVLJE Mercury 102 svijetlo sivo/Mercury 201 žuto;NTR92562
S-OTP-26-17961;SHIPMENT;1,00;NTR92567;PCM LINA 2 fran. krevet 80x200 KORPUS DESNI Mercury 102 svijetlo sivo;NTR92567
S-OTP-26-17961;SHIPMENT;1,00;NTR92572;PCM LINA 2 fran. krevet 80x200 KORPUS LIJEVI Mercury 102 svijetlo sivo;NTR92572
S-OTP-26-17961;SHIPMENT;1,00;NTR92577;PCM LINA 2 fran. krevet 160x200 TAPET Mercury 102 svijetlo sivo;NTR92577
S-OTP-26-17961;SHIPMENT;1,00;NTR92578;PCM LINA 2 fran. krevet 160x200 OKOV+NOGE;NTR92578
S-OTP-26-17961;SHIPMENT;1,00;NTR82295;PCM TINA 2 fran. krevet 200x80 KORPUS DESNI Himalia 105 cappuccino;NTR82295
S-OTP-26-17961;SHIPMENT;1,00;NTR82298;PCM TINA 2 fran. krevet 200x80 KORPUS LIJEVI Himalia 105 cappuccino;NTR82298
S-OTP-26-17961;SHIPMENT;1,00;NTR82315;PCM TINA 2 fran. krevet 200x160 TAPET Himalia 105 cappuccino;NTR82315
S-OTP-26-17961;SHIPMENT;1,00;NTR82317;PCM TINA 2 fran. krevet 200x160 UZGLAVLJE Himalia 105 cappuccino;NTR82317
S-OTP-26-17961;SHIPMENT;1,00;NTR43194;PCM madrac PRIMA PICOLLO 120X60;NTR43194
S-OTP-26-17961;SHIPMENT;1,00;NTR81961;PCM STELLAR madrac 200x180;NTR81961
S-OTP-26-17961;SHIPMENT;1,00;NTR81969;PCM STRONG madrac 200x160;NTR81969
S-OTP-26-17961;SHIPMENT;1,00;NTR82287;PCM TINA 2 fran. krevet 200x70 KORPUS DESNI Himalia 108 sivo;NTR82287
S-OTP-26-17961;SHIPMENT;1,00;NTR82291;PCM TINA 2 fran. krevet 200x70 KORPUS LIJEVI Himalia 108 sivo;NTR82291
S-OTP-26-17961;SHIPMENT;1,00;NTR82312;PCM TINA 2 fran. krevet 200x140 TAPET Himalia 108 sivo;NTR82312
S-OTP-26-17961;SHIPMENT;1,00;NTR82314;PCM TINA 2 fran. krevet 200x140 UZGLAVLJE Himalia 108 sivo;NTR82314
S-PR-26-47279;RECEIPT;20,00;NTR82270;PCM RITA 2 fran. krevet 200x160 TAPET Helena 103 cappuccino;NTR82270
S-PR-26-47279;RECEIPT;10,00;NTR82414;PCM RITA 2 fran. krevet 200x180 UZGLAVLJE Helena 103 cappuccino;NTR82414
S-PR-26-47279;RECEIPT;10,00;NTR82417;PCM RITA 2 fran. krevet 200x90 TAPET DESNI Helena 103 cappuccino;NTR82417
S-PR-26-47279;RECEIPT;10,00;NTR82420;PCM RITA 2 fran. krevet 200x90 TAPET LIJEVI Helena 103 cappuccino;NTR82420
S-PR-26-47279;RECEIPT;10,00;NTR82477;PCM RITA 2 fran. krevet 200x90 KORPUS DESNI Helena 103 cappuccino;NTR82477
S-PR-26-47279;RECEIPT;10,00;NTR82482;PCM RITA 2 fran. krevet 200x90 KORPUS LIJEVI Helena 103 cappuccino;NTR82482
S-PR-26-47279;RECEIPT;10,00;NTR82532;PCM RITA 2 fran. krevet 180 OKOV+NOGE;NTR82532
S-PR-26-47279;RECEIPT;20,00;NTR82271;PCM RITA 2 fran. krevet 200x160 UZGLAVLJE Helena 103 cappuccino;NTR82271
S-PR-26-47279;RECEIPT;20,00;NTR82294;PCM RITA 2 fran. krevet 200x80 KORPUS DESNI Helena 103 cappuccino;NTR82294
S-PR-26-47279;RECEIPT;20,00;NTR82297;PCM RITA 2 fran. krevet 200x80 KORPUS LIJEVI Helena 103 cappuccino;NTR82297
S-PR-26-47279;RECEIPT;30,00;NTR82334;PCM RITA 2 fran. krevet 140/160 OKOV+NOGE;NTR82334
S-PR-26-47279;RECEIPT;10,00;NTR83603;PCM RITA 2 fran. krevet 200x140 TAPET Helena 136 prljavo rozo;NTR83603
S-PR-26-47279;RECEIPT;10,00;NTR83606;PCM RITA 2 fran. krevet 200x140 UZGLAVLJE Helena 136 prljavo rozo;NTR83606
S-PR-26-47279;RECEIPT;10,00;NTR83857;PCM RITA 2 fran. krevet 200x70 KORPUS DESNI Helena 136 prljavo rozo;NTR83857
S-PR-26-47279;RECEIPT;10,00;NTR83876;PCM RITA 2 fran. krevet 200x70 KORPUS LIJEVI Helena 136 prljavo rozo;NTR83876
S-PR-26-47363;RECEIPT;16,00;NGP250012;PC DAVOS predsoblje ogledalo hrast cremona cannolo ZA.;NGP250012
S-PR-26-47364;RECEIPT;5,00;NGP200667;PC JULIJA ormar 204x180 s LAD. MASKA/VRATA bijelo pak.1/2 ZA.;NGP200667
S-PR-26-47364;RECEIPT;10,00;NGP090411;PC JULIJA ormar 204x135 s LAD. MASKA/VRATA bijelo pak.1/2 ZA.;NGP090411
S-PR-26-47371;RECEIPT;30,00;NGP235648;PC stol ARUNA fi 120 PLOČA Hrast Cremona Cotta ZA.;NGP235648
S-PR-26-47372;RECEIPT;20,00;NGP235649;PC stol ARUNA fi 120 PLOČA Crystal Marble ZA.;NGP235649
S-PR-26-47373;RECEIPT;30,00;NGP235376;PC stol ARUNA fi 120 PLOČA Hrast Chalet ZA.;NGP235376
S-PR-26-47386;RECEIPT;38,00;NTR80266;LP NELA ormar klizni 200x180/270 fronta donja (1 kom) saten mat;NTR80266
S-PR-26-47457;RECEIPT;10,00;NTR74369;LP pisaći stol OSKAR LUX 3L KORPUS bijela;NTR74369
S-PR-26-47457;RECEIPT;9,00;NTR74370;LP pisaći stol OSKAR LUX 3L KORPUS hrast ontario;NTR74370
S-PR-26-47463;RECEIPT;2,00;NGP00850;PCK oprema LETVA za viseće elemente;NGP00850|M|2
S-PR-26-47477;RECEIPT;20,00;NTR68925;PSS noge BRIGITA metal flah crno mat pak.2/2;NTR68925
S-PR-26-47477;RECEIPT;20,00;NTR75682;PSS postolje ALBA crno mat fiksno pak.2/2;NTR75682
S-PR-26-47477;RECEIPT;30,00;NTR86165;PSS fotelja SENA postolje crno mat metal DZ.;NTR86165
S-PR-26-47478;RECEIPT;8,00;NTR59459;PSS barska stolica TENOR  hrast ulje Avelina 9852 t.siva;NTR59459
S-PR-26-47478;RECEIPT;16,00;NTR68927;PSS fotelja sjedište BRIGITA Rubens 7510 bež pak.1/2;NTR68927
S-PR-26-47478;RECEIPT;10,00;NTR78470;PSS stolica KIKO crno metal mat Benett 9502 siva sjedište pak.1/2;NTR78470
S-PR-26-47478;RECEIPT;20,00;NTR78258;PSS stolica sjedište MONDO  Kashmir 9490 bij.kava (jez.džep);NTR78258
S-PR-26-47478;RECEIPT;10,00;NTR78264;PSS stolica sjedište MONDO  Kashmir 9500 svijetlo sivo (jez.džep);NTR78264
S-PR-26-47478;RECEIPT;1,00;NTR78291;PSS fotelja ORDOS sjedište okret. mehanizam Bull 111 tobacco;NTR78291
S-PR-26-47478;RECEIPT;1,00;NTR78295;PSS fotelja ORDOS sjedište okret. mehanizam Bull 158 sivo plava;NTR78295
S-PR-26-47478;RECEIPT;30,00;NTR95497;PSS fotelja SENA sjedište Bull 158 sivo plavo/Puente 33 svijetlo zeleno DZ.;NTR95497
S-PR-26-47478;RECEIPT;20,00;NTR78440;PSS polubarska stolica VITA crno Benett 9516 zelena;NTR78440
S-PR-26-47478;RECEIPT;2,00;NTR59548;PSS polubarska stolica TENOR  hrast ulje Avelina 9502 s.siva;NTR59548
S-PR-26-47478;RECEIPT;1,00;NTR59575;PSS polubarska stolica TENOR bijelo Avelina 9192  t.plavo;NTR59575
S-PR-26-47478;RECEIPT;8,00;NTR78292;PSS fotelja ORDOS sjedište okret. mehanizam Bull 127 konjak smeđa;NTR78292
S-PR-26-47478;RECEIPT;10,00;NTR78306;PSS fotelja sjedište BRIGITA Rubens 7501 tamno siva pak.1/2;NTR78306
S-PR-26-47478;RECEIPT;16,00;NTR78442;PSS polubarska stolica VITA crno Benett 9502 siva;NTR78442
S-PR-26-47478;RECEIPT;20,00;NTR78441;PSS polubarska stolica VITA crno Benett 9573 sv. siva;NTR78441
S-PR-26-47478;RECEIPT;30,00;NTR87558;PSS sjedište stolica DAVOS Monaco 9001 sv. zelena pak.1/2;NTR87558
S-PR-26-47478;RECEIPT;20,00;NTR87563;PSS sjedište stolica SCALA Mist 108 sivo pak.1/2;NTR87563
S-PR-26-47478;RECEIPT;4,00;NTR78293;PSS fotelja ORDOS sjedište okret. mehanizam Bull 156 tamno zelena;NTR78293
S-PR-26-47478;RECEIPT;17,00;NTR78394;PSS polubarska stolica MONDO crni mat metal Kashmir 9490 bij.kava;NTR78394
S-PR-26-47478;RECEIPT;1,00;NTR78399;PSS polubarska stolica MONDO crni mat metal Kashmir 9500 svijetlo sivo;NTR78399
S-PR-26-47478;RECEIPT;1,00;NTR87566;PSS sjedište fotelja TENOR Avelina 9811 cappuccino pak.1/2;NTR87566
S-PR-26-47478;RECEIPT;6,00;NTR78340;PSS stolica ALBA sjedište Bull 48 tamno plava pak.1/2;NTR78340
S-PR-26-47478;RECEIPT;14,00;NTR78336;PSS stolica ALBA sjedište Bull 127 konjak smeđa pak.1/2;NTR78336
S-PR-26-47478;RECEIPT;1,00;NTR78397;PSS polubarska stolica MONDO crni mat metal Kashmir 9133 žuto;NTR78397
S-PR-26-47478;RECEIPT;20,00;NTR87583;PSS sjedište stolica ZARA Monaco 9443 sv.siva/Benett 9502 siva pak.1/2;NTR87583
S-PR-26-47478;RECEIPT;8,00;NTR78338;PSS stolica ALBA sjedište Bull 156 tamno zelena pak.1/2;NTR78338
S-PR-26-47478;RECEIPT;10,00;NTR68993;PSS stolica sjedište BRIGITA Rubens 7512 zeleno pak.1/2;NTR68993
S-PR-26-47478;RECEIPT;2,00;NTR78308;PSS fotelja sjedište BRIGITA Kashmir 9490 bij.kava pak.1/2;NTR78308
S-PR-26-47478;RECEIPT;6,00;NTR86819;PSS sjedište MIA  Mist 301 žuto;NTR86819
S-PR-26-47478;RECEIPT;50,00;NTR68981;PSS stolica sjedište BRIGITA Rubens 7510 bež pak.1/2;NTR68981
S-PR-26-47478;RECEIPT;20,00;NTR78265;PSS stolica sjedište MONDO  Kashmir 9510 sivo (jez.džep);NTR78265
